record_id,invoice_id,vendor_id,vendor_name,vendor_gstin,invoice_date,place_of_supply,tax_rate,taxable_value,cgst,sgst,igst,total_tax,invoice_value,itc_claimed_date,rule88d_intimation_date,simulated_current_date
PR-0001,INV-2604-00001,V038,Wavelength Steel and Company,02CTMNE5571B1Z6,2026-04-22,27-Maharashtra,12,409144.00,0.00,0.00,49097.28,49097.28,458241.28,2026-05-19,,2026-06-10
PR-0002,INV-2604-00002,V021,Wavelength Solutions LLP,27YIYXG2138V1Z2,2026-04-17,27-Maharashtra,28,224808.00,31473.12,31473.12,0.00,62946.24,287754.24,2026-05-20,,2026-06-10
PR-0003,INV-2604-00003,V008,Arcadia Polymers Limited,33DBDFF6066I1ZB,2026-04-18,27-Maharashtra,28,77497.00,0.00,0.00,21699.16,21699.16,99196.16,2026-05-19,,2026-06-10
PR-0004,INV-2604-00004,V004,Wavelength Chemicals Limited,22JLIUB3888G1ZO,2026-04-22,27-Maharashtra,18,271946.00,0.00,0.00,48950.28,48950.28,320896.28,2026-05-18,,2026-06-10
PR-0005,INV-2604-00005,V025,Crestline Textiles India Private Limited,23EANLL0258A1ZB,2026-04-18,27-Maharashtra,28,71488.00,0.00,0.00,20016.64,20016.64,91504.64,2026-05-20,,2026-06-10
PR-0006,INV-2604-00006,V027,Konark Fabricators and Company,27BBEVF0062J1ZM,2026-04-07,27-Maharashtra,28,99176.00,13884.64,13884.64,0.00,27769.28,126945.28,2026-05-19,,2026-06-10
PR-0007,INV-2604-00007,V034,Dynamo Textiles Private Limited,32MWNUU2669X1ZI,2026-04-25,27-Maharashtra,18,433182.00,0.00,0.00,77972.76,77972.76,511154.76,2026-05-20,,2026-06-10
PR-0008,INV-2604-00008,V010,Deccan Solutions India Private Limited,24MMKOP2707A1Z7,2026-04-21,27-Maharashtra,12,294368.00,0.00,0.00,35324.16,35324.16,329692.16,2026-05-19,,2026-06-10
PR-0009,INV-2604-00009,V027,Konark Fabricators and Company,27BBEVF0062J1ZM,2026-04-07,27-Maharashtra,28,13375.00,1872.50,1872.50,0.00,3745.00,17120.00,2026-05-20,,2026-06-10
PR-0010,INV-2604-00010,V002,Himalaya Solutions India Private Limited,27NOMNQ8836X1Z2,2026-04-05,27-Maharashtra,18,475274.00,42774.66,42774.66,0.00,85549.32,560823.32,2026-05-20,,2026-06-10
PR-0011,INV-2604-00011,V026,Wavelength Enterprises LLP,27VGUPQ1274N1ZX,2026-04-05,27-Maharashtra,12,137962.00,8277.72,8277.72,0.00,16555.44,154517.44,2026-05-18,2026-06-10,2026-06-10
PR-0012,INV-2604-00012,V024,Falcon Logistics Private Limited,24WIIYL3578T1Z9,2026-04-10,27-Maharashtra,12,436434.00,0.00,0.00,52372.08,52372.08,488806.08,2026-05-19,,2026-06-10
PR-0013,INV-2604-00013,V023,Quantum Chemicals LLP,32ZQZIP1711S1ZR,2026-04-18,27-Maharashtra,5,473249.00,0.00,0.00,23662.45,23662.45,496911.45,2026-05-19,2026-05-16,2026-06-10
PR-0014,INV-2604-00014,V017,Ganga Enterprises India Private Limited,27ITFXL3590N1ZG,2026-04-11,27-Maharashtra,28,57269.00,8017.66,8017.66,0.00,16035.32,73304.32,2026-05-18,,2026-06-10
PR-0015,INV-2604-00015,V007,Zenith Industries India Private Limited,27NFAOH7689K1ZL,2026-04-21,27-Maharashtra,5,411518.00,10287.95,10287.95,0.00,20575.90,432093.90,2026-05-19,,2026-06-10
PR-0016,INV-2604-00016,V016,Meridian Logistics India Private Limited,27NNHOE5359S1ZX,2026-04-14,27-Maharashtra,12,67157.00,4029.42,4029.42,0.00,8058.84,75215.84,2026-05-19,2026-06-01,2026-06-10
PR-0017,INV-2604-00017,V022,Himalaya Polymers LLP,27CBGHX9945C1ZJ,2026-04-30,27-Maharashtra,5,181420.00,4535.50,4535.50,0.00,9071.00,190491.00,2026-05-19,2026-05-31,2026-06-10
PR-0018,INV-2604-00018,V010,Deccan Solutions India Private Limited,24MMKOP2707A1Z7,2026-04-22,27-Maharashtra,5,277564.00,0.00,0.00,13878.20,13878.20,291442.20,2026-05-18,2026-06-09,2026-06-10
PR-0019,INV-2604-00019,V040,Crestline Traders and Company,10RCYAZ9838E1Z7,2026-04-07,27-Maharashtra,12,141174.00,0.00,0.00,16940.88,16940.88,158114.88,2026-05-20,,2026-06-10
PR-0020,INV-2604-00020,V036,Meridian Fabricators and Company,27GFSXR6677W1Z0,2026-04-10,27-Maharashtra,5,232830.00,5820.75,5820.75,0.00,11641.50,244471.50,2026-05-18,,2026-06-10
PR-0021,INV-2604-00021,V019,Everest Textiles Limited,32LHGYK3148I1ZP,2026-04-26,27-Maharashtra,12,74242.00,0.00,0.00,8909.04,8909.04,83151.04,2026-05-19,,2026-06-10
PR-0022,INV-2604-00022,V035,Orbit Chemicals India Private Limited,06WWDLC2591N1Z0,2026-04-04,27-Maharashtra,28,183249.00,0.00,0.00,51309.72,51309.72,234558.72,2026-05-20,,2026-06-10
PR-0023,INV-2604-00023,V023,Quantum Chemicals LLP,32ZQZIP1711S1ZR,2026-04-05,27-Maharashtra,5,436002.00,0.00,0.00,21800.10,21800.10,457802.10,2026-05-19,,2026-06-10
PR-0024,INV-2604-00024,V010,Deccan Solutions India Private Limited,24MMKOP2707A1Z7,2026-04-19,27-Maharashtra,5,139863.00,0.00,0.00,6993.15,6993.15,146856.15,2026-05-18,2026-06-10,2026-06-10
PR-0025,INV-2604-00025,V009,Bharat Steel and Company,06ZUWQL5692X1Z7,2026-04-15,27-Maharashtra,12,344043.00,0.00,0.00,41285.16,41285.16,385328.16,2026-05-18,,2026-06-10
PR-0026,INV-2604-00026,V022,Himalaya Polymers LLP,27CBGHX9945C1ZJ,2026-04-23,27-Maharashtra,5,202821.00,5070.52,5070.53,0.00,10141.05,212962.05,2026-05-18,2026-06-07,2026-06-10
PR-0027,INV-2604-00027,V010,Deccan Solutions India Private Limited,24MMKOP2707A1Z7,2026-04-30,27-Maharashtra,18,427080.00,0.00,0.00,76874.40,76874.40,503954.40,2026-05-19,,2026-06-10
PR-0028,INV-2604-00028,V002,Himalaya Solutions India Private Limited,27NOMNQ8836X1Z2,2026-04-01,27-Maharashtra,28,422463.00,59144.82,59144.82,0.00,118289.64,540752.64,2026-05-19,,2026-06-10
PR-0029,INV-2604-00029,V026,Wavelength Enterprises LLP,27VGUPQ1274N1ZX,2026-04-28,27-Maharashtra,18,263691.00,23732.19,23732.19,0.00,47464.38,311155.38,2026-05-18,,2026-06-10
PR-0030,INV-2604-00030,V033,Everest Agro LLP,03KJOEN7911O1Z1,2026-04-11,27-Maharashtra,5,70311.00,0.00,0.00,3515.55,3515.55,73826.55,2026-05-19,,2026-06-10
PR-0031,INV-2604-00031,V040,Crestline Traders and Company,10RCYAZ9838E1Z7,2026-04-12,27-Maharashtra,28,310226.00,0.00,0.00,86863.28,86863.28,397089.28,2026-05-20,,2026-06-10
PR-0032,INV-2604-00032,V027,Konark Fabricators and Company,27BBEVF0062J1ZM,2026-04-26,27-Maharashtra,5,381146.00,9528.65,9528.65,0.00,19057.30,400203.30,2026-05-18,2026-05-28,2026-06-10
PR-0033,INV-2604-00033,V009,Bharat Steel and Company,06ZUWQL5692X1Z7,2026-02-31,27-Maharashtra,28,60602.00,0.00,0.00,16968.56,16968.56,77570.56,2026-05-18,,2026-06-10
PR-0034,INV-2604-00034,V030,Arcadia Packaging India Private Limited,03RFLNG9701F1ZD,2026-04-23,27-Maharashtra,5,353654.00,0.00,0.00,17682.70,17682.70,371336.70,2026-05-18,2026-06-06,2026-06-10
PR-0035,INV-2604-00035,V016,Meridian Logistics India Private Limited,27NNHOE5359S1ZX,2026-04-09,27-Maharashtra,28,220648.00,30890.72,30890.72,0.00,61781.44,282429.44,2026-05-18,,2026-06-10
PR-0036,INV-2604-00036,V016,Meridian Logistics India Private Limited,27NNHOE5359S1ZX,2026-04-18,27-Maharashtra,18,178422.00,16057.98,16057.98,0.00,32115.96,210537.96,2026-05-18,,2026-06-10
PR-0037,INV-2604-00037,V010,Deccan Solutions India Private Limited,24MMKOP2707A1Z7,2026-04-18,27-Maharashtra,5,456979.00,0.00,0.00,22848.95,22848.95,479827.95,2026-05-20,,2026-06-10
PR-0038,INV-2604-00038,V034,Dynamo Textiles Private Limited,32MWNUU2669X1ZI,2026-04-16,27-Maharashtra,28,299336.00,0.00,0.00,83814.08,83814.08,383150.08,2026-05-20,,2026-06-10
PR-0039,INV-2604-00039,V023,Quantum Chemicals LLP,32ZQZIP1711S1ZR,2026-04-14,27-Maharashtra,12,307737.00,0.00,0.00,36928.44,36928.44,344665.44,2026-05-18,2026-05-17,2026-06-10
PR-0040,INV-2604-00040,V005,Konark Industries and Company,37AKHBP5432H1ZS,2026-04-04,27-Maharashtra,12,246724.00,0.00,0.00,29606.88,29606.88,276330.88,2026-05-18,,2026-06-10
PR-0041,INV-2604-00041,V025,Crestline Textiles India Private Limited,23EANLL0258A1ZB,2026-04-21,27-Maharashtra,12,126179.00,0.00,0.00,15141.48,15141.48,141320.48,2026-05-20,,2026-06-10
PR-0042,INV-2604-00042,V023,Quantum Chemicals LLP,32ZQZIP1711S1ZR,2026-04-08,27-Maharashtra,5,156023.00,0.00,0.00,7801.15,7801.15,163824.15,2026-05-20,,2026-06-10
PR-0043,INV-2604-00043,V034,Dynamo Textiles Private Limited,32MWNUU2669X1ZI,2026-04-27,27-Maharashtra,18,371822.00,0.00,0.00,66927.96,66927.96,438749.96,2026-05-19,,2026-06-10
PR-0044,INV-2604-00044,V033,Everest Agro LLP,03KJOEN7911O1Z1,2026-04-14,27-Maharashtra,28,261450.00,0.00,0.00,73206.00,73206.00,334656.00,2026-05-18,,2026-06-10
PR-0045,INV-2604-00045,V027,Konark Fabricators and Company,27BBEVF0062J1ZM,2026-04-08,27-Maharashtra,5,297800.00,7445.00,7445.00,0.00,14890.00,312690.00,2026-05-19,,2026-06-10
PR-0046,INV-2604-00046,V018,Konark Traders and Company,08STSKE2455Y1ZA,2026-04-24,27-Maharashtra,12,346930.00,0.00,0.00,41631.60,41631.60,388561.60,2026-05-18,,2026-06-10
PR-0047,INV-2604-00047,V026,Wavelength Enterprises LLP,27VGUPQ1274N1ZX,2026-04-20,27-Maharashtra,12,389259.00,23355.54,23355.54,0.00,46711.08,435970.08,2026-05-19,,2026-06-10
PR-0048,INV-2604-00048,V013,Jyoti Agro LLP,10CLWJW0153B1ZL,2026-04-14,27-Maharashtra,12,61502.00,0.00,0.00,7380.24,7380.24,68882.24,2026-05-18,,2026-06-10
PR-0049,INV-2604-00049,V017,Ganga Enterprises India Private Limited,27ITFXL3590N1ZG,2026-04-19,27-Maharashtra,28,373247.00,52254.58,52254.58,0.00,104509.16,477756.16,2026-05-20,,2026-06-10
PR-0050,INV-2604-00050,V022,Himalaya Polymers LLP,27CBGHX9945C1ZJ,2026-04-17,27-Maharashtra,12,177815.00,10668.90,10668.90,0.00,21337.80,199152.80,2026-05-20,,2026-06-10
PR-0051,INV-2604-00051,V037,Falcon Chemicals Private Limited,27DDBTQ1492W1ZA,2026-04-28,27-Maharashtra,28,101736.00,14243.04,14243.04,0.00,28486.08,130222.08,2026-05-20,2026-05-26,2026-06-10
PR-0052,INV-2604-00052,V014,Elmwood Fabricators LLP,01KPAMG7469R1ZE,2026-04-10,27-Maharashtra,5,119887.00,0.00,0.00,5994.35,5994.35,125881.35,2026-05-20,,2026-06-10
PR-0053,INV-2604-00053,V040,Crestline Traders and Company,10RCYAZ9838E1Z7,2026-04-15,27-Maharashtra,18,349411.00,0.00,0.00,62893.98,62893.98,412304.98,2026-05-18,,2026-06-10
PR-0054,INV-2604-00054,V027,Konark Fabricators and Company,27BBEVF0062J1ZM,2026-04-23,27-Maharashtra,5,267198.00,6679.95,6679.95,0.00,13359.90,280557.90,2026-05-18,,2026-06-10
PR-0055,INV-2604-00055,V030,Arcadia Packaging India Private Limited,03RFLNG9701F1ZD,31/04/2026,27-Maharashtra,5,264888.00,0.00,0.00,13244.40,13244.40,278132.40,2026-05-19,,2026-06-10
PR-0056,INV-2604-00056,V040,Crestline Traders and Company,10RCYAZ9838E1Z7,2026-04-01,27-Maharashtra,12,391530.00,0.00,0.00,46983.60,46983.60,438513.60,2026-05-19,,2026-06-10
PR-0057,INV-2604-00057,V001,Elmwood Industries LLP,27HPBHZ2966J1ZI,2026-04-17,27-Maharashtra,5,388937.00,9723.42,9723.43,0.00,19446.85,408383.85,2026-05-19,2026-05-16,2026-06-10
PR-0058,INV-2604-00058,V012,Quantum Polymers India Private Limited,27WOIJO2003E1Z3,2026-04-29,27-Maharashtra,28,152520.00,21352.80,21352.80,0.00,42705.60,195225.60,2026-05-20,,2026-06-10
PR-0059,INV-2604-00059,V021,Wavelength Solutions LLP,27YIYXG2138V1Z2,2026-04-15,27-Maharashtra,5,445371.00,11134.27,11134.28,0.00,22268.55,467639.55,2026-05-19,,2026-06-10
PR-0060,INV-2604-00060,V027,Konark Fabricators and Company,27BBEVF0062J1ZM,2026-04-14,27-Maharashtra,28,130935.00,18330.90,18330.90,0.00,36661.80,167596.80,2026-05-19,2026-06-10,2026-06-10
PR-0061,INV-2604-00061,V014,Elmwood Fabricators LLP,01KPAMG7469R1ZE,2026-04-25,27-Maharashtra,28,252836.00,0.00,0.00,70794.08,70794.08,323630.08,2026-05-18,,2026-06-10
PR-0062,INV-2604-00062,V005,Konark Industries and Company,37AKHBP5432H1ZS,2026-04-01,27-Maharashtra,18,496966.00,0.00,0.00,89453.88,89453.88,586419.88,2026-05-18,,2026-06-10
PR-0063,INV-2604-00063,V002,Himalaya Solutions India Private Limited,27NOMNQ8836X1Z2,2026-04-17,27-Maharashtra,5,480812.00,12020.30,12020.30,0.00,24040.60,504852.60,2026-05-20,2026-05-23,2026-06-10
PR-0064,INV-2604-00064,V034,Dynamo Textiles Private Limited,32MWNUU2669X1ZI,2026-04-08,27-Maharashtra,18,354833.00,0.00,0.00,63869.94,63869.94,418702.94,2026-05-19,,2026-06-10
PR-0065,INV-2604-00065,V037,Falcon Chemicals Private Limited,27DDBTQ1492W1ZA,2026-04-27,27-Maharashtra,18,150653.00,13558.77,13558.77,0.00,27117.54,177770.54,2026-05-18,,2026-06-10
PR-0066,INV-2604-00066,V009,Bharat Steel and Company,06ZUWQL5692X1Z7,2026-04-01,27-Maharashtra,18,,0.00,0.00,42140.34,42140.34,276253.34,2026-05-20,,2026-06-10
PR-0067,INV-2604-00067,V026,Wavelength Enterprises LLP,27VGUPQ1274N1ZX,2026-04-03,27-Maharashtra,5,380467.00,9511.67,9511.68,0.00,19023.35,399490.35,2026-05-18,,2026-06-10
PR-0068,INV-2604-00068,V001,Elmwood Industries LLP,27HPBHZ2966J1ZI,2026-04-14,27-Maharashtra,28,281975.00,39476.50,39476.50,0.00,78953.00,360928.00,2026-05-18,2026-06-07,2026-06-10
PR-0069,INV-2604-00069,V037,Falcon Chemicals Private Limited,27DDBTQ1492W1ZA,2026-04-09,27-Maharashtra,5,336445.00,8411.12,8411.13,0.00,16822.25,353267.25,2026-05-18,,2026-06-10
PR-0070,INV-2604-00070,V031,Bharat Textiles Limited,27GFTDT0664D1ZM,2026-04-16,27-Maharashtra,5,275665.00,6891.62,6891.63,0.00,13783.25,289448.25,2026-05-18,,2026-06-10
PR-0071,INV-2604-00071,V003,Bharat Solutions Limited,32EVDGL6232O1ZV,2026-04-11,27-Maharashtra,28,87213.00,0.00,0.00,24419.64,24419.64,111632.64,2026-05-18,,2026-06-10
PR-0072,INV-2604-00072,V010,Deccan Solutions India Private Limited,24MMKOP2707A1Z7,2026-04-19,27-Maharashtra,18,355582.00,0.00,0.00,64004.76,64004.76,419586.76,2026-05-20,,2026-06-10
PR-0073,INV-2604-00073,V036,Meridian Fabricators and Company,27GFSXR6677W1Z0,2026-04-30,27-Maharashtra,12,315546.00,18932.76,18932.76,0.00,37865.52,353411.52,2026-05-18,,2026-06-10
PR-0074,INV-2604-00074,V035,Orbit Chemicals India Private Limited,06WWDLC2591N1Z0,2026-04-07,27-Maharashtra,18,179109.00,0.00,0.00,32239.62,32239.62,211348.62,2026-05-20,,2026-06-10
PR-0075,INV-2604-00075,V006,Bharat Enterprises India Private Limited,27MGAGX0940T1ZV,2026-04-01,27-Maharashtra,12,403812.00,24228.72,24228.72,0.00,48457.44,452269.44,2026-05-18,,2026-06-10
PR-0076,INV-2604-00076,V003,Bharat Solutions Limited,32EVDGL6232O1ZV,2026-04-21,27-Maharashtra,28,346426.00,0.00,0.00,96999.28,96999.28,443425.28,2026-05-19,,2026-06-10
PR-0077,INV-2604-00077,V032,Trident Packaging and Company,27AVGFB0339Q1ZZ,2026-04-13,27-Maharashtra,28,48986.00,6858.04,6858.04,0.00,13716.08,62702.08,2026-05-18,,2026-06-10
PR-0078,INV-2604-00078,V037,Falcon Chemicals Private Limited,27DDBTQ1492W1ZA,2026-04-05,27-Maharashtra,5,302248.00,7556.20,7556.20,0.00,15112.40,317360.40,2026-05-20,,2026-06-10
PR-0079,INV-2604-00079,V020,Narmada Technologies LLP,08PAPRB6119M1ZV,2026-04-10,27-Maharashtra,12,475913.00,0.00,0.00,57109.56,57109.56,533022.56,2026-05-18,,2026-06-10
PR-0080,INV-2604-00080,V036,Meridian Fabricators and Company,27GFSXR6677W1Z0,2026-04-19,27-Maharashtra,18,388928.00,35003.52,35003.52,0.00,70007.04,458935.04,2026-05-18,2026-05-25,2026-06-10
PR-0081,INV-2604-00081,V009,Bharat Steel and Company,06ZUWQL5692X1Z7,2026-04-12,27-Maharashtra,18,187018.00,0.00,0.00,33663.24,33663.24,220681.24,2026-05-18,,2026-06-10
PR-0082,INV-2604-00082,V021,Wavelength Solutions LLP,27YIYXG2138V1Z2,2026-04-01,27-Maharashtra,5,451408.00,11285.20,11285.20,0.00,22570.40,473978.40,2026-05-19,,2026-06-10
PR-0083,INV-2604-00083,V015,Narmada Agro Limited,09RUTFG7986V1ZZ,2026-04-28,27-Maharashtra,12,125354.00,0.00,0.00,15042.48,15042.48,140396.48,2026-05-18,,2026-06-10
PR-0084,INV-2604-00084,V015,Narmada Agro Limited,09RUTFG7986V1ZZ,2026-04-06,27-Maharashtra,28,351704.00,0.00,0.00,98477.12,98477.12,450181.12,2026-05-20,,2026-06-10
PR-0085,INV-2604-00085,V037,Falcon Chemicals Private Limited,27DDBTQ1492W1ZA,2026-04-11,27-Maharashtra,18,388557.00,34970.13,34970.13,0.00,69940.26,458497.26,2026-05-20,,2026-06-10
PR-0086,INV-2604-00086,V029,Wavelength Fabricators Private Limited,29NKVKQ5588B1Z9,2026-04-02,27-Maharashtra,18,469272.00,0.00,0.00,84468.96,84468.96,553740.96,2026-05-19,,2026-06-10
PR-0087,INV-2604-00087,V028,Himalaya Logistics Limited,21SKPXR4660P1ZJ,2026-04-11,27-Maharashtra,28,133363.00,0.00,0.00,37341.64,37341.64,170704.64,2026-05-20,,2026-06-10
PR-0088,INV-2604-00088,V001,Elmwood Industries LLP,27HPBHZ2966J1ZI,2026-04-21,27-Maharashtra,12,369617.00,22177.02,22177.02,0.00,44354.04,413971.04,2026-05-19,,2026-06-10
PR-0089,INV-2604-00089,V013,Jyoti Agro LLP,10CLWJW0153B1Z,2026-04-01,27-Maharashtra,28,292225.00,0.00,0.00,81823.00,81823.00,374048.00,2026-05-19,,2026-06-10
PR-0090,INV-2604-00090,V005,Konark Industries and Company,37AKHBP5432H1ZS,2026-04-02,27-Maharashtra,12,355627.00,0.00,0.00,42675.24,42675.24,398302.24,2026-05-19,,2026-06-10
PR-0091,INV-2604-00091,V021,Wavelength Solutions LLP,27YIYXG2138V1Z2,2026-04-12,27-Maharashtra,5,452229.00,11305.72,11305.73,0.00,22611.45,474840.45,2026-05-20,2026-06-08,2026-06-10
PR-0092,INV-2604-00092,V005,Konark Industries and Company,37AKHBP5432H1ZS,2026-04-19,27-Maharashtra,28,104787.00,0.00,0.00,29340.36,29340.36,134127.36,2026-05-18,,2026-06-10
PR-0093,INV-2604-00093,V029,Wavelength Fabricators Private Limited,29NKVKQ5588B1Z9,2026-04-19,27-Maharashtra,12,56118.00,0.00,0.00,6734.16,6734.16,62852.16,2026-05-18,,2026-06-10
PR-0094,INV-2604-00094,V038,Wavelength Steel and Company,02CTMNE5571B1Z6,2026-04-16,27-Maharashtra,12,342072.00,0.00,0.00,41048.64,41048.64,383120.64,2026-05-18,,2026-06-10
PR-0095,INV-2604-00095,V007,Zenith Industries India Private Limited,27NFAOH7689K1ZL,2026-04-19,27-Maharashtra,12,218620.00,13117.20,13117.20,0.00,26234.40,244854.40,2026-05-18,,2026-06-10
PR-0096,INV-2604-00096,V024,Falcon Logistics Private Limited,24WIIYL3578T1Z9,2026-04-03,27-Maharashtra,5,118910.00,0.00,0.00,5945.50,5945.50,124855.50,2026-05-18,,2026-06-10
PR-0097,INV-2604-00097,V014,Elmwood Fabricators LLP,01KPAMG7469R1ZE,2026-04-05,27-Maharashtra,18,85531.00,0.00,0.00,15395.58,15395.58,100926.58,2026-05-20,,2026-06-10
PR-0098,INV-2604-00098,V006,Bharat Enterprises India Private Limited,27MGAGX0940T1ZV,2026-04-13,27-Maharashtra,28,437333.00,61226.62,61226.62,0.00,122453.24,559786.24,2026-05-20,,2026-06-10
PR-0099,INV-2604-00099,V007,Zenith Industries India Private Limited,27NFAOH7689K1ZL,2026-04-18,27-Maharashtra,28,464420.00,65018.80,65018.80,0.00,130037.60,594457.60,2026-05-20,2026-06-04,2026-06-10
PR-0100,INV-2604-00100,V015,Narmada Agro Limited,09RUTFG7986V1ZZ,2026-04-02,27-Maharashtra,28,309441.00,0.00,0.00,86643.48,86643.48,396084.48,2026-05-18,,2026-06-10
PR-0101,INV-2604-00101,V013,Jyoti Agro LLP,10CLWJW0153B1ZL,2026-04-30,27-Maharashtra,18,292888.00,0.00,0.00,52719.84,52719.84,345607.84,2026-05-18,,2026-06-10
PR-0102,INV-2604-00102,V039,Yamuna Traders Limited,02LJWUK8178Q1ZJ,2026-04-04,27-Maharashtra,28,116152.00,0.00,0.00,32522.56,32522.56,148674.56,2026-05-18,,2026-06-10
PR-0103,INV-2604-00103,V015,Narmada Agro Limited,09RUTFG7986V1ZZ,2026-04-09,27-Maharashtra,18,479013.00,0.00,0.00,86222.34,86222.34,565235.34,2026-05-18,,2026-06-10
PR-0104,INV-2604-00104,V008,Arcadia Polymers Limited,33DBDFF6066I1ZB,2026-04-04,27-Maharashtra,18,322571.00,0.00,0.00,58062.78,58062.78,380633.78,2026-05-19,2026-05-22,2026-06-10
PR-0105,INV-2604-00105,V031,Bharat Textiles Limited,27GFTDT0664D1ZM,2026-04-16,27-Maharashtra,28,437877.00,61302.78,61302.78,0.00,122605.56,560482.56,2026-05-20,,2026-06-10
PR-0106,INV-2604-00106,V019,Everest Textiles Limited,32LHGYK3148I1ZP,2026-04-19,27-Maharashtra,18,270602.00,0.00,0.00,48708.36,48708.36,319310.36,2026-05-18,,2026-06-10
PR-0107,INV-2604-00107,V014,Elmwood Fabricators LLP,01KPAMG7469R1ZE,2026-13-05,27-Maharashtra,28,186636.00,0.00,0.00,52258.08,52258.08,238894.08,2026-05-18,,2026-06-10
PR-0108,INV-2604-00108,V025,Crestline Textiles India Private Limited,23EANLL0258A1ZB,2026-04-08,27-Maharashtra,12,31259.00,0.00,0.00,3751.08,3751.08,35010.08,2026-05-19,,2026-06-10
PR-0109,INV-2604-00109,V022,Himalaya Polymers LLP,27CBGHX9945C1ZJ,2026-04-09,27-Maharashtra,28,212701.00,29778.14,29778.14,0.00,59556.28,272257.28,2026-05-18,,2026-06-10
PR-0110,INV-2604-00110,V040,Crestline Traders and Company,10RCYAZ9838E1Z7,2026-04-16,27-Maharashtra,12,375437.00,0.00,0.00,45052.44,45052.44,420489.44,2026-05-18,,2026-06-10
PR-0111,INV-2604-00111,V011,Deccan Enterprises LLP,27ZNNUA5329D1Z8,2026-04-14,27-Maharashtra,5,50268.00,1256.70,1256.70,0.00,2513.40,52781.40,2026-05-19,2026-06-07,2026-06-10
PR-0112,INV-2604-00112,V019,Everest Textiles Limited,32LHGYK3148I1ZP,2026-04-25,27-Maharashtra,18,363976.00,0.00,0.00,65515.68,65515.68,429491.68,2026-05-18,,2026-06-10
PR-0113,INV-2604-00113,V039,Yamuna Traders Limited,02LJWUK8178Q1ZJ,2026-04-29,27-Maharashtra,28,461063.00,0.00,0.00,129097.64,129097.64,590160.64,2026-05-19,,2026-06-10
PR-0114,INV-2604-00114,V010,Deccan Solutions India Private Limited,24MMKOP2707A1Z7,2026-04-29,27-Maharashtra,18,58902.00,0.00,0.00,10602.36,10602.36,69504.36,2026-05-19,,2026-06-10
PR-0115,INV-2604-00115,V028,Himalaya Logistics Limited,21SKPXR4660P1ZJ,2026-04-11,27-Maharashtra,12,337682.00,0.00,0.00,40521.84,40521.84,378203.84,2026-05-18,,2026-06-10
PR-0116,INV-2604-00116,V021,Wavelength Solutions LLP,27YIYXG2138V1Z2,2026-04-28,27-Maharashtra,28,391361.00,54790.54,54790.54,0.00,109581.08,500942.08,2026-05-20,2026-06-06,2026-06-10
PR-0117,INV-2604-00117,V022,Himalaya Polymers LLP,27CBGHX9945C1ZJ,2026-04-22,27-Maharashtra,18,385843.00,34725.87,34725.87,0.00,69451.74,455294.74,2026-05-18,2026-05-23,2026-06-10
PR-0118,INV-2604-00118,V010,Deccan Solutions India Private Limited,24MMKOP2707A1Z7,2026-04-22,27-Maharashtra,12,411928.00,0.00,0.00,49431.36,49431.36,461359.36,2026-05-18,,2026-06-10
PR-0119,INV-2604-00119,V037,Falcon Chemicals Private Limited,27DDBTQ1492W1ZA,2026-04-11,27-Maharashtra,18,341447.00,30730.23,30730.23,0.00,61460.46,402907.46,2026-05-20,,2026-06-10
PR-0120,INV-2604-00120,V017,Ganga Enterprises India Private Limited,27ITFXL3590N1ZG,2026-04-26,27-Maharashtra,28,31408.00,4397.12,4397.12,0.00,8794.24,40202.24,2026-05-18,,2026-06-10
PR-0121,INV-2604-00121,V011,Deccan Enterprises LLP,27ZNNUA5329D1Z8,2026-04-27,27-Maharashtra,18,200814.00,18073.26,18073.26,0.00,36146.52,236960.52,2026-05-20,,2026-06-10
PR-0122,INV-2604-00122,V030,Arcadia Packaging India Private Limited,03RFLNG9701F1ZD,2026-04-08,27-Maharashtra,28,9103.00,0.00,0.00,2548.84,2548.84,11651.84,2026-05-18,,2026-06-10
PR-0123,INV-2604-00123,V004,Wavelength Chemicals Limited,22JLIUB3888G1ZO,2026-04-07,27-Maharashtra,18,292560.00,0.00,0.00,52660.80,52660.80,345220.80,2026-05-18,,2026-06-10
PR-0124,INV-2604-00124,V036,Meridian Fabricators and Company,27GFSXR6677W1Z0,2026-04-12,27-Maharashtra,5,384470.00,9611.75,9611.75,0.00,19223.50,403693.50,2026-05-20,2026-05-26,2026-06-10
PR-0125,INV-2604-00125,V039,Yamuna Traders Limited,02LJWUK8178Q1ZJ,2026-04-30,27-Maharashtra,12,116876.00,0.00,0.00,14025.12,14025.12,130901.12,2026-05-19,,2026-06-10
PR-0126,INV-2604-00126,V027,Konark Fabricators and Company,27BBEVF0062J1ZM,2026-04-18,27-Maharashtra,12,13641.00,818.46,818.46,0.00,1636.92,15277.92,2026-05-20,,2026-06-10
PR-0127,INV-2604-00127,V035,Orbit Chemicals India Private Limited,06WWDLC2591N1Z0,2026-04-09,27-Maharashtra,18,410212.00,0.00,0.00,73838.16,73838.16,484050.16,2026-05-20,,2026-06-10
PR-0128,INV-2604-00128,V005,Konark Industries and Company,37AKHBP5432H1ZS,2026-04-22,27-Maharashtra,12,294098.00,0.00,0.00,35291.76,35291.76,329389.76,2026-05-20,,2026-06-10
PR-0129,INV-2604-00129,V016,Meridian Logistics India Private Limited,27NNHOE5359S1ZX,2026-04-11,27-Maharashtra,12,292918.00,17575.08,17575.08,0.00,35150.16,328068.16,2026-05-20,,2026-06-10
PR-0130,INV-2604-00130,V038,Wavelength Steel and Company,02CTMNE5571B1Z6,2026-04-06,27-Maharashtra,5,111806.00,0.00,0.00,5590.30,5590.30,117396.30,2026-05-18,,2026-06-10
PR-0131,INV-2604-00131,V027,Konark Fabricators and Company,27BBEVF0062J1ZM,2026-04-15,27-Maharashtra,5,105958.00,2648.95,2648.95,0.00,5297.90,111255.90,2026-05-20,,2026-06-10
PR-0132,INV-2604-00132,V024,Falcon Logistics Private Limited,24WIIYL3578T1Z9,2026-04-01,27-Maharashtra,18,N/A,0.00,0.00,21020.22,21020.22,137799.22,2026-05-18,,2026-06-10
PR-0133,INV-2604-00133,V023,Quantum Chemicals LLP,32ZQZIP1711S1ZR,2026-04-28,27-Maharashtra,5,164664.00,0.00,0.00,8233.20,8233.20,172897.20,2026-05-20,,2026-06-10
PR-0134,INV-2604-00134,V004,Wavelength Chemicals Limited,22JLIUB3888G1ZO,2026-04-17,27-Maharashtra,12,324795.00,0.00,0.00,38975.40,38975.40,363770.40,2026-05-18,,2026-06-10
PR-0135,INV-2604-00135,V029,Wavelength Fabricators Private Limited,29NKVKQ5588B1Z9,2026-04-21,27-Maharashtra,5,251754.00,0.00,0.00,12587.70,12587.70,264341.70,2026-05-19,,2026-06-10
PR-0136,INV-2604-00136,V001,Elmwood Industries LLP,27HPBHZ2966J1ZI,2026-04-21,27-Maharashtra,5,402177.00,10054.42,10054.43,0.00,20108.85,422285.85,2026-05-18,,2026-06-10
PR-0137,INV-2604-00137,V010,Deccan Solutions India Private Limited,24MMKOP2707A1Z7,2026-04-08,27-Maharashtra,18,366032.00,0.00,0.00,65885.76,65885.76,431917.76,2026-05-20,,2026-06-10
PR-0138,INV-2604-00138,V032,Trident Packaging and Company,27AVGFB0339Q1ZZ,2026-04-18,27-Maharashtra,18,21590.00,1943.10,1943.10,0.00,3886.20,25476.20,2026-05-19,,2026-06-10
PR-0139,INV-2604-00139,V012,Quantum Polymers India Private Limited,27WOIJO2003E1Z3,2026-04-21,27-Maharashtra,28,294283.00,41199.62,41199.62,0.00,82399.24,376682.24,2026-05-19,2026-05-22,2026-06-10
PR-0140,INV-2604-00140,V039,Yamuna Traders Limited,02LJWUK8178Q1ZJ,2026-04-11,27-Maharashtra,18,139584.00,0.00,0.00,25125.12,25125.12,164709.12,2026-05-18,,2026-06-10
PR-0141,INV-2604-00141,V005,Konark Industries and Company,37AKHBP5432H1ZS,2026-04-07,27-Maharashtra,28,317148.00,0.00,0.00,88801.44,88801.44,405949.44,2026-05-18,2026-06-04,2026-06-10
PR-0142,INV-2604-00142,V012,Quantum Polymers India Private Limited,27WOIJO2003E1Z3,2026-04-18,27-Maharashtra,18,336115.00,30250.35,30250.35,0.00,60500.70,396615.70,2026-05-19,,2026-06-10
PR-0143,INV-2604-00143,V040,Crestline Traders and Company,10RCYAZ9838E1Z7,2026-04-30,27-Maharashtra,12,322019.00,0.00,0.00,38642.28,38642.28,360661.28,2026-05-18,,2026-06-10
PR-0144,INV-2604-00144,V005,Konark Industries and Company,37AKHBP5432H1ZS,2026-04-06,27-Maharashtra,28,202082.00,0.00,0.00,56582.96,56582.96,258664.96,2026-05-18,,2026-06-10
PR-0145,INV-2604-00145,V012,Quantum Polymers India Private Limited,27WOIJO2003E1Z3,2026-04-21,27-Maharashtra,5,282430.00,7060.75,7060.75,0.00,14121.50,296551.50,2026-05-18,2026-06-04,2026-06-10
PR-0146,INV-2604-00146,V012,Quantum Polymers India Private Limited,27WOIJO2003E1Z3,2026-04-19,27-Maharashtra,12,395801.00,23748.06,23748.06,0.00,47496.12,443297.12,2026-05-20,,2026-06-10
PR-0147,INV-2604-00147,V030,Arcadia Packaging India Private Limited,03RFLNG9701F1ZD,2026-04-02,27-Maharashtra,18,489315.00,0.00,0.00,88076.70,88076.70,577391.70,2026-05-20,,2026-06-10
PR-0148,INV-2604-00148,V029,Wavelength Fabricators Private Limited,29NKVKQ5588B1Z9,2026-04-01,27-Maharashtra,5,166247.00,0.00,0.00,8312.35,8312.35,174559.35,2026-05-19,2026-06-05,2026-06-10
PR-0149,INV-2604-00149,V011,Deccan Enterprises LLP,27ZNNUA5329D1Z8,2026-04-21,27-Maharashtra,12,87434.00,5246.04,5246.04,0.00,10492.08,97926.08,2026-05-20,,2026-06-10
PR-0150,INV-2604-00150,V029,Wavelength Fabricators Private Limited,29NKVKQ5588B1Z9,2026-04-06,27-Maharashtra,18,435410.00,0.00,0.00,78373.80,78373.80,513783.80,2026-05-19,,2026-06-10
PR-0151,INV-2604-00151,V032,Trident Packaging and Company,27AVGFB0339Q1ZZ,2026-04-25,27-Maharashtra,18,446235.00,40161.15,40161.15,0.00,80322.30,526557.30,2026-05-19,,2026-06-10
PR-0152,INV-2604-00152,V030,Arcadia Packaging India Private Limited,03RFLNG9701F1ZD,2026-04-08,27-Maharashtra,12,87476.00,0.00,0.00,10497.12,10497.12,97973.12,2026-05-20,,2026-06-10
PR-0153,INV-2604-00153,V001,Elmwood Industries LLP,27HPBHZ2966J1ZI,2026-04-13,27-Maharashtra,18,422233.00,38000.97,38000.97,0.00,76001.94,498234.94,2026-05-18,2026-05-25,2026-06-10
PR-0154,INV-2604-00154,V008,Arcadia Polymers Limited,33DBDFF6066I1ZB,2026-04-11,27-Maharashtra,5,98959.00,0.00,0.00,4947.95,4947.95,103906.95,2026-05-19,,2026-06-10
PR-0155,INV-2604-00155,V005,Konark Industries and Company,37AKHBP5432H1ZS,2026-04-18,27-Maharashtra,28,"146676,00abc",0.00,0.00,41069.28,41069.28,187745.28,2026-05-19,,2026-06-10
PR-0156,INV-2604-00156,V026,Wavelength Enterprises LLP,27VGUPQ1274N1ZX,2026-04-25,27-Maharashtra,12,479333.00,28759.98,28759.98,0.00,57519.96,536852.96,2026-05-19,,2026-06-10
PR-0157,INV-2604-00157,V036,Meridian Fabricators and Company,27GFSXR6677W1Z0,2026-04-10,27-Maharashtra,5,162974.00,4074.35,4074.35,0.00,8148.70,171122.70,2026-05-18,2026-05-30,2026-06-10
PR-0158,INV-2604-00158,V027,Konark Fabricators and Company,27BBEVF0062J1ZM,2026-04-26,27-Maharashtra,12,190253.00,11415.18,11415.18,0.00,22830.36,213083.36,2026-05-18,,2026-06-10
PR-0159,INV-2604-00159,V001,Elmwood Industries LLP,27HPBHZ2966J1ZI,2026-04-24,27-Maharashtra,12,88491.00,5309.46,5309.46,0.00,10618.92,99109.92,2026-05-18,,2026-06-10
PR-0160,INV-2604-00160,V033,Everest Agro LLP,03KJOEN7911O1Z1,2026-04-04,27-Maharashtra,12,140864.00,0.00,0.00,16903.68,16903.68,157767.68,2026-05-20,,2026-06-10
PR-0161,INV-2604-00161,V033,Everest Agro LLP,03KJOEN7911O1Z1,2026-04-07,27-Maharashtra,5,346682.00,0.00,0.00,17334.10,17334.10,364016.10,2026-05-18,,2026-06-10
PR-0162,INV-2604-00162,V014,Elmwood Fabricators LLP,01KPAMG7469R1ZE,2026-04-02,27-Maharashtra,18,423725.00,0.00,0.00,76270.50,76270.50,499995.50,2026-05-20,,2026-06-10
PR-0163,INV-2604-00163,V018,Konark Traders and Company,08STSKE2455Y1ZA,2026-04-29,27-Maharashtra,5,302884.00,0.00,0.00,15144.20,15144.20,318028.20,2026-05-19,,2026-06-10
PR-0164,INV-2604-00164,V011,Deccan Enterprises LLP,27ZNNUA5329D1Z8,2026-04-11,27-Maharashtra,12,464280.00,27856.80,27856.80,0.00,55713.60,519993.60,2026-05-18,,2026-06-10
PR-0165,INV-2604-00165,V017,Ganga Enterprises India Private Limited,27ITFXL3590N1ZG,2026-04-26,27-Maharashtra,12,320643.00,19238.58,19238.58,0.00,38477.16,359120.16,2026-05-20,2026-06-07,2026-06-10
PR-0166,INV-2604-00166,V017,Ganga Enterprises India Private Limited,27ITFXL3590N1ZG,2026-04-22,27-Maharashtra,12,230762.00,13845.72,13845.72,0.00,27691.44,258453.44,2026-05-19,,2026-06-10
PR-0167,INV-2604-00167,V021,Wavelength Solutions LLP,27YIYXG2138V1Z2,2026-04-09,27-Maharashtra,28,23758.00,3326.12,3326.12,0.00,6652.24,30410.24,2026-05-18,2026-06-04,2026-06-10
PR-0168,INV-2604-00168,V032,Trident Packaging and Company,27AVGFB0339Q1ZZ,2026-04-23,27-Maharashtra,28,135468.00,18965.52,18965.52,0.00,37931.04,173399.04,2026-05-20,2026-06-06,2026-06-10
PR-0169,INV-2604-00169,V024,Falcon Logistics Private Limited,24WIIYL3578T1Z9,2026-04-07,27-Maharashtra,12,"190867,00abc",0.00,0.00,22904.04,22904.04,213771.04,2026-05-18,,2026-06-10
PR-0170,INV-2604-00170,V029,Wavelength Fabricators Private Limited,29NKVKQ5588B1Z9,2026-04-22,27-Maharashtra,28,474982.00,0.00,0.00,132994.96,132994.96,607976.96,2026-05-18,,2026-06-10
PR-0171,INV-2604-00171,V002,Himalaya Solutions India Private Limited,27NOMNQ8836X1Z2,2026-04-19,27-Maharashtra,12,423518.00,25411.08,25411.08,0.00,50822.16,474340.16,2026-05-20,,2026-06-10
PR-0172,INV-2604-00172,V009,Bharat Steel and Company,06ZUWQL5692X1Z7,2026-04-15,27-Maharashtra,28,122671.00,0.00,0.00,34347.88,34347.88,157018.88,2026-05-20,,2026-06-10
PR-0173,,V008,Arcadia Polymers Limited,33DBDFF6066I1ZB,2026-04-19,27-Maharashtra,12,298425.00,0.00,0.00,35811.00,35811.00,334236.00,2026-05-18,,2026-06-10
PR-0174,INV-2604-00174,V016,Meridian Logistics India Private Limited,27NNHOE5359S1ZX,2026-04-28,27-Maharashtra,5,394310.00,9857.75,9857.75,0.00,19715.50,414025.50,2026-05-20,2026-06-03,2026-06-10
PR-0175,INV-2604-00175,V037,Falcon Chemicals Private Limited,27DDBTQ1492W1ZA,2026-04-18,27-Maharashtra,28,341037.00,47745.18,47745.18,0.00,95490.36,436527.36,2026-05-18,,2026-06-10
PR-0176,INV-2604-00176,V037,Falcon Chemicals Private Limited,27DDBTQ1492W1ZA,2026-04-30,27-Maharashtra,12,355441.00,21326.46,21326.46,0.00,42652.92,398093.92,2026-05-18,2026-05-16,2026-06-10
PR-0177,INV-2604-00177,V029,Wavelength Fabricators Private Limited,29NKVKQ5588B1Z9,2026-04-30,27-Maharashtra,5,221378.00,0.00,0.00,11068.90,11068.90,232446.90,2026-05-20,,2026-06-10
PR-0178,INV-2604-00178,V004,Wavelength Chemicals Limited,22JLIUB3888G1ZO,2026-04-22,27-Maharashtra,18,242786.00,0.00,0.00,43701.48,43701.48,286487.48,2026-05-18,,2026-06-10
PR-0179,INV-2604-00179,V016,Meridian Logistics India Private Limited,27NNHOE5359S1ZX,2026-04-29,27-Maharashtra,18,92917.00,8362.53,8362.53,0.00,16725.06,109642.06,2026-05-20,,2026-06-10
PR-0180,INV-2604-00180,V006,Bharat Enterprises India Private Limited,27MGAGX0940T1ZV,2026-04-15,27-Maharashtra,28,294542.00,41235.88,41235.88,0.00,82471.76,377013.76,2026-05-19,2026-06-06,2026-06-10
PR-0181,INV-2604-00181,V015,Narmada Agro Limited,09RUTFG7986V1ZZ,2026-04-21,27-Maharashtra,5,228903.00,0.00,0.00,11445.15,11445.15,240348.15,2026-05-20,,2026-06-10
PR-0182,INV-2604-00182,V037,Falcon Chemicals Private Limited,27DDBTQ1492W1ZA,2026-04-04,27-Maharashtra,28,398301.00,55762.14,55762.14,0.00,111524.28,509825.28,2026-05-18,,2026-06-10
PR-0183,INV-2604-00183,V009,Bharat Steel and Company,06ZUWQL5692X1Z7,2026-04-06,27-Maharashtra,28,493266.00,0.00,0.00,138114.48,138114.48,631380.48,2026-05-19,,2026-06-10
PR-0184,INV-2604-00184,V007,Zenith Industries India Private Limited,27NFAOH7689K1ZL,2026-04-02,27-Maharashtra,5,330082.00,8252.05,8252.05,0.00,16504.10,346586.10,2026-05-18,,2026-06-10
PR-0185,INV-2604-00185,V016,Meridian Logistics India Private Limited,27NNHOE5359S1ZX,2026-04-28,27-Maharashtra,12,214759.00,12885.54,12885.54,0.00,25771.08,240530.08,2026-05-20,2026-05-20,2026-06-10
PR-0186,INV-2604-00186,V032,Trident Packaging and Company,27AVGFB0339Q1ZZ,2026-04-01,27-Maharashtra,12,86139.00,5168.34,5168.34,0.00,10336.68,96475.68,2026-05-18,2026-06-05,2026-06-10
PR-0187,INV-2604-00187,V014,Elmwood Fabricators LLP,01KPAMG7469R1ZE,2026-04-09,27-Maharashtra,5,281265.00,0.00,0.00,14063.25,14063.25,295328.25,2026-05-20,,2026-06-10
PR-0188,INV-2604-00188,V008,Arcadia Polymers Limited,33DBDFF6066I1ZB,2026-04-16,27-Maharashtra,5,247198.00,0.00,0.00,12359.90,12359.90,259557.90,2026-05-18,,2026-06-10
PR-0189,INV-2604-00189,V025,Crestline Textiles India Private Limited,23EANLL0258A1ZB,2026-04-23,27-Maharashtra,5,66312.00,0.00,0.00,3315.60,3315.60,69627.60,2026-05-20,,2026-06-10
PR-0190,INV-2604-00190,V028,Himalaya Logistics Limited,21SKPXR4660P1ZJ,2026-04-02,27-Maharashtra,18,214142.00,0.00,0.00,38545.56,38545.56,252687.56,2026-05-19,,2026-06-10
PR-0191,INV-2604-00191,V028,Himalaya Logistics Limited,21SKPXR4660P1ZJ,2026-04-11,27-Maharashtra,18,300810.00,0.00,0.00,54145.80,54145.80,354955.80,2026-05-20,,2026-06-10
PR-0192,INV-2604-00192,V020,Narmada Technologies LLP,08PAPRB6119M1ZV,2026-04-30,27-Maharashtra,5,35681.00,0.00,0.00,1784.05,1784.05,37465.05,2026-05-19,,2026-06-10
PR-0193,INV-2604-00193,V008,Arcadia Polymers Limited,33DBDFF6066I1ZB,2026-04-02,27-Maharashtra,5,499512.00,0.00,0.00,24975.60,24975.60,524487.60,2026-05-20,,2026-06-10
PR-0194,INV-2604-00194,V005,Konark Industries and Company,37AKHBP5432H1ZS,2026-04-15,27-Maharashtra,28,462375.00,0.00,0.00,129465.00,129465.00,591840.00,2026-05-19,,2026-06-10
PR-0195,INV-2604-00195,V011,Deccan Enterprises LLP,27ZNNUA5329D1Z8,2026-04-06,27-Maharashtra,28,399353.00,55909.42,55909.42,0.00,111818.84,511171.84,2026-05-20,2026-05-25,2026-06-10
PR-0196,INV-2604-00196,V006,Bharat Enterprises India Private Limited,27MGAGX0940T1ZV,2026-04-25,27-Maharashtra,12,424907.00,25494.42,25494.42,0.00,50988.84,475895.84,2026-05-18,2026-06-09,2026-06-10
PR-0197,INV-2604-00197,V009,Bharat Steel and Company,06ZUWQL5692X1Z7,2026-04-04,27-Maharashtra,5,422752.00,0.00,0.00,21137.60,21137.60,443889.60,2026-05-18,,2026-06-10
PR-0198,INV-2604-00198,V022,Himalaya Polymers LLP,27CBGHX9945C1ZJ,2026-04-24,27-Maharashtra,18,490825.00,44174.25,44174.25,0.00,88348.50,579173.50,2026-05-19,2026-06-04,2026-06-10
PR-0199,INV-2604-00199,V001,Elmwood Industries LLP,27HPBHZ2966J1ZI,2026-04-09,27-Maharashtra,5,494948.00,12373.70,12373.70,0.00,24747.40,519695.40,2026-05-20,2026-05-21,2026-06-10
PR-0200,INV-2604-00200,V031,Bharat Textiles Limited,27GFTDT0664D1ZM,2026-04-23,27-Maharashtra,18,473832.00,42644.88,42644.88,0.00,85289.76,559121.76,2026-05-19,,2026-06-10
PR-0201,INV-2604-00201,V029,Wavelength Fabricators Private Limited,29NKVKQ5588B1Z9,2026-04-17,27-Maharashtra,28,209633.00,0.00,0.00,58697.24,58697.24,268330.24,2026-05-18,,2026-06-10
PR-0202,INV-2604-00202,V001,Elmwood Industries LLP,27HPBHZ2966J1ZI,2026-04-17,27-Maharashtra,28,261456.00,36603.84,36603.84,0.00,73207.68,334663.68,2026-05-20,,2026-06-10
PR-0203,INV-2604-00203,V011,Deccan Enterprises LLP,27ZNNUA5329D1Z8,2026-04-06,27-Maharashtra,12,417387.00,25043.22,25043.22,0.00,50086.44,467473.44,2026-05-18,,2026-06-10
PR-0204,INV-2604-00204,V004,Wavelength Chemicals Limited,22JLIUB3888G1ZO,2026-04-01,27-Maharashtra,5,403321.00,0.00,0.00,20166.05,20166.05,423487.05,2026-05-19,,2026-06-10
PR-0205,INV-2604-00205,V006,Bharat Enterprises India Private Limited,27MGAGX0940T1ZV,2026-04-11,27-Maharashtra,12,253033.00,15181.98,15181.98,0.00,30363.96,283396.96,2026-05-19,2026-06-05,2026-06-10
PR-0206,INV-2604-00206,V031,Bharat Textiles Limited,27GFTDT0664D1ZM,2026-04-29,27-Maharashtra,5,18333.00,458.32,458.33,0.00,916.65,19249.65,2026-05-18,2026-05-23,2026-06-10
PR-0207,INV-2604-00207,V023,Quantum Chemicals LLP,32ZQZIP1711S1Z,2026-04-19,27-Maharashtra,18,351880.00,0.00,0.00,63338.40,63338.40,415218.40,2026-05-20,,2026-06-10
PR-0208,INV-2604-00208,V038,Wavelength Steel and Company,02CTMNE5571B1Z6,2026-04-21,27-Maharashtra,5,318620.00,0.00,0.00,15931.00,15931.00,334551.00,2026-05-18,,2026-06-10
PR-0209,INV-2604-00209,V002,Himalaya Solutions India Private Limited,27NOMNQ8836X1Z2,2026-04-10,27-Maharashtra,5,385763.00,9644.07,9644.08,0.00,19288.15,405051.15,2026-05-20,2026-06-07,2026-06-10
PR-0210,INV-2604-00210,V001,Elmwood Industries LLP,27HPBHZ2966J1ZI,2026-04-15,27-Maharashtra,12,402670.00,24160.20,24160.20,0.00,48320.40,450990.40,2026-05-18,,2026-06-10
PR-0211,INV-2604-00211,V018,Konark Traders and Company,08STSKE2455Y1ZA,2026-04-18,27-Maharashtra,18,5667.00,0.00,0.00,1020.06,1020.06,6687.06,2026-05-20,,2026-06-10
PR-0212,INV-2604-00212,V012,Quantum Polymers India Private Limited,27WOIJO2003E1Z3,2026-04-06,27-Maharashtra,18,337591.00,30383.19,30383.19,0.00,60766.38,398357.38,2026-05-19,,2026-06-10
PR-0213,INV-2604-00213,V025,Crestline Textiles India Private Limited,23EANLL0258A1ZB,2026-04-10,27-Maharashtra,18,323219.00,0.00,0.00,58179.42,58179.42,381398.42,2026-05-18,,2026-06-10
PR-0214,INV-2604-00214,V022,Himalaya Polymers LLP,27CBGHX9945C1ZJ,2026-04-30,27-Maharashtra,5,78360.00,1959.00,1959.00,0.00,3918.00,82278.00,2026-05-19,2026-06-08,2026-06-10
PR-0215,INV-2604-00215,V008,Arcadia Polymers Limited,33DBDFF6066I1ZB,2026-04-14,27-Maharashtra,5,351299.00,0.00,0.00,17564.95,17564.95,368863.95,2026-05-19,,2026-06-10
PR-0216,INV-2604-00216,V009,Bharat Steel and Company,06ZUWQL5692X1Z7,2026-04-05,27-Maharashtra,18,111679.00,0.00,0.00,20102.22,20102.22,131781.22,2026-05-18,2026-06-05,2026-06-10
PR-0217,INV-2604-00217,V001,Elmwood Industries LLP,27HPBHZ2966J1ZI,2026-04-11,27-Maharashtra,18,351819.00,31663.71,31663.71,0.00,63327.42,415146.42,2026-05-20,,2026-06-10
PR-0218,INV-2604-00218,V040,Crestline Traders and Company,10RCYAZ9838E1Z7,2026-04-09,27-Maharashtra,28,482607.00,0.00,0.00,135129.96,135129.96,617736.96,2026-05-20,,2026-06-10
PR-0219,INV-2604-00219,V040,Crestline Traders and Company,10RCYAZ9838E1Z7,2026-04-05,27-Maharashtra,5,166120.00,0.00,0.00,8306.00,8306.00,174426.00,2026-05-19,2026-06-03,2026-06-10
PR-0220,INV-2604-00220,V037,Falcon Chemicals Private Limited,27DDBTQ1492W1ZA,2026-04-23,27-Maharashtra,18,169246.00,15232.14,15232.14,0.00,30464.28,199710.28,2026-05-19,,2026-06-10
PR-0221,INV-2604-00221,V037,Falcon Chemicals Private Limited,27DDBTQ1492W1ZA,2026-04-23,27-Maharashtra,12,350269.00,21016.14,21016.14,0.00,42032.28,392301.28,2026-05-18,,2026-06-10
PR-0222,INV-2604-00222,V040,Crestline Traders and Company,10RCYAZ9838E1Z7,2026-04-29,27-Maharashtra,28,350572.00,0.00,0.00,98160.16,98160.16,448732.16,2026-05-19,,2026-06-10
PR-0223,INV-2604-00223,V004,Wavelength Chemicals Limited,22JLIUB3888G1ZO,2026-04-27,27-Maharashtra,5,49293.00,0.00,0.00,2464.65,2464.65,51757.65,2026-05-20,,2026-06-10
PR-0224,INV-2604-00224,V014,Elmwood Fabricators LLP,01KPAMG7469R1ZE,2026-04-02,27-Maharashtra,28,364036.00,0.00,0.00,101930.08,101930.08,465966.08,2026-05-18,,2026-06-10
PR-0225,INV-2604-00225,V016,Meridian Logistics India Private Limited,27NNHOE5359S1ZX,2026-04-07,27-Maharashtra,12,262254.00,15735.24,15735.24,0.00,31470.48,293724.48,2026-05-20,2026-06-04,2026-06-10
PR-0226,INV-2604-00226,V029,Wavelength Fabricators Private Limited,29NKVKQ5588B1Z9,2026-04-21,27-Maharashtra,5,211851.00,0.00,0.00,10592.55,10592.55,222443.55,2026-05-19,2026-06-09,2026-06-10
PR-0227,INV-2604-00227,V035,Orbit Chemicals India Private Limited,06WWDLC2591N1Z0,2026-04-11,27-Maharashtra,5,74009.00,0.00,0.00,3700.45,3700.45,77709.45,2026-05-20,,2026-06-10
PR-0228,INV-2604-00228,V024,Falcon Logistics Private Limited,24WIIYL3578T1Z9,2026-04-13,27-Maharashtra,18,322093.00,0.00,0.00,57976.74,57976.74,380069.74,2026-05-18,,2026-06-10
PR-0229,INV-2604-00229,V035,Orbit Chemicals India Private Limited,06WWDLC2591N1Z0,2026-04-22,27-Maharashtra,28,364671.00,0.00,0.00,102107.88,102107.88,466778.88,2026-05-18,,2026-06-10
PR-0230,INV-2604-00230,V022,Himalaya Polymers LLP,27CBGHX9945C1ZJ,2026-04-24,27-Maharashtra,28,133325.00,18665.50,18665.50,0.00,37331.00,170656.00,2026-05-18,2026-05-18,2026-06-10
PR-0231,INV-2604-00231,V013,Jyoti Agro LLP,10CLWJW0153B1ZL,2026-04-06,27-Maharashtra,12,9202.00,0.00,0.00,1104.24,1104.24,10306.24,2026-05-19,2026-06-08,2026-06-10
PR-0232,INV-2604-00232,V038,Wavelength Steel and Company,02CTMNE5571B1Z6,2026-04-22,27-Maharashtra,28,32471.00,,,,9091.88,41562.88,2026-05-20,,2026-06-10
PR-0233,INV-2604-00233,V006,Bharat Enterprises India Private Limited,27MGAGX0940T1ZV,2026-04-21,27-Maharashtra,5,471047.00,11776.17,11776.18,0.00,23552.35,494599.35,2026-05-19,,2026-06-10
PR-0234,INV-2604-00234,V020,Narmada Technologies LLP,08PAPRB6119M1ZV,2026-04-15,27-Maharashtra,18,36959.00,0.00,0.00,6652.62,6652.62,43611.62,2026-05-20,2026-06-09,2026-06-10
PR-0235,INV-2604-00235,V019,Everest Textiles Limited,32LHGYK3148I1ZP,2026-04-17,27-Maharashtra,5,388498.00,0.00,0.00,19424.90,19424.90,407922.90,2026-05-20,,2026-06-10
PR-0236,INV-2604-00236,V006,Bharat Enterprises India Private Limited,27MGAGX0940T1ZV,2026-04-29,27-Maharashtra,18,468131.00,42131.79,42131.79,0.00,84263.58,552394.58,2026-05-18,,2026-06-10
PR-0237,INV-2604-00237,V005,Konark Industries and Company,37AKHBP5432H1ZS,2026-04-16,27-Maharashtra,5,437122.00,0.00,0.00,21856.10,21856.10,458978.10,2026-05-20,,2026-06-10
PR-0238,INV-2604-00238,V015,Narmada Agro Limited,09RUTFG7986V1ZZ,2026-04-24,27-Maharashtra,12,37167.00,0.00,0.00,4460.04,4460.04,41627.04,2026-05-20,,2026-06-10
PR-0239,INV-2604-00239,V028,Himalaya Logistics Limited,21SKPXR4660P1ZJ,2026-04-11,27-Maharashtra,28,165712.00,0.00,0.00,46399.36,46399.36,212111.36,2026-05-20,,2026-06-10
PR-0240,INV-2604-00240,V018,Konark Traders and Company,08STSKE2455Y1ZA,2026-04-28,27-Maharashtra,18,491425.00,0.00,0.00,88456.50,88456.50,579881.50,2026-05-20,,2026-06-10
PR-0241,INV-2604-00241,V028,Himalaya Logistics Limited,21SKPXR4660P1ZJ,2026-04-30,27-Maharashtra,18,252216.00,0.00,0.00,45398.88,45398.88,297614.88,2026-05-20,,2026-06-10
PR-0242,INV-2604-00242,V038,Wavelength Steel and Company,02CTMNE5571B1Z6,2026-04-01,27-Maharashtra,18,150097.00,0.00,0.00,27017.46,27017.46,177114.46,2026-05-19,,2026-06-10
PR-0243,INV-2604-00243,V033,Everest Agro LLP,03KJOEN7911O1Z1,2026-04-04,27-Maharashtra,5,326970.00,0.00,0.00,16348.50,16348.50,343318.50,2026-05-20,,2026-06-10
PR-0244,INV-2604-00244,V035,Orbit Chemicals India Private Limited,06WWDLC2591N1Z0,2026-04-29,27-Maharashtra,12,254466.00,0.00,0.00,30535.92,30535.92,285001.92,2026-05-19,,2026-06-10
PR-0245,INV-2604-00245,V020,Narmada Technologies LLP,08PAPRB6119M1ZV,2026-04-24,27-Maharashtra,18,284956.00,0.00,0.00,51292.08,51292.08,336248.08,2026-05-18,,2026-06-10
PR-0246,INV-2604-00246,V028,Himalaya Logistics Limited,21SKPXR4660P1ZJ,2026-04-05,27-Maharashtra,5,405752.00,0.00,0.00,20287.60,20287.60,426039.60,2026-05-18,,2026-06-10
PR-0247,INV-2604-00247,V039,Yamuna Traders Limited,02LJWUK8178Q1ZJ,2026-04-21,27-Maharashtra,18,166588.00,0.00,0.00,29985.84,29985.84,196573.84,2026-05-18,,2026-06-10
PR-0248,INV-2604-00248,V015,Narmada Agro Limited,09RUTFG7986V1ZZ,2026-04-28,27-Maharashtra,18,123565.00,0.00,0.00,22241.70,22241.70,145806.70,2026-05-19,2026-06-08,2026-06-10
PR-0249,INV-2604-00249,V034,Dynamo Textiles Private Limited,32MWNUU2669X1ZI,2026-04-23,27-Maharashtra,5,241718.00,0.00,0.00,12085.90,12085.90,253803.90,2026-05-19,,2026-06-10
PR-0250,INV-2604-00250,V011,Deccan Enterprises LLP,27ZNNUA5329D1Z8,2026-04-25,27-Maharashtra,5,382094.00,9552.35,9552.35,0.00,19104.70,401198.70,2026-05-18,2026-06-09,2026-06-10
PR-0251,INV-2604-00251,V030,Arcadia Packaging India Private Limited,03RFLNG9701F1ZD,2026-04-06,27-Maharashtra,5,424273.00,0.00,0.00,21213.65,21213.65,445486.65,2026-05-18,2026-06-10,2026-06-10
PR-0252,INV-2604-00252,V024,Falcon Logistics Private Limited,24WIIYL3578T1Z9,2026-04-12,27-Maharashtra,5,498424.00,0.00,0.00,24921.20,24921.20,523345.20,2026-05-18,,2026-06-10
PR-0253,INV-2604-00253,V019,Everest Textiles Limited,32LHGYK3148I1ZP,2026-04-06,27-Maharashtra,28,211680.00,0.00,0.00,59270.40,59270.40,270950.40,2026-05-18,,2026-06-10
PR-0254,INV-2604-00254,V035,Orbit Chemicals India Private Limited,06WWDLC2591N1Z0,2026-04-27,27-Maharashtra,28,246181.00,0.00,0.00,68930.68,68930.68,315111.68,2026-05-19,,2026-06-10
PR-0255,INV-2604-00255,V031,Bharat Textiles Limited,27GFTDT0664D1ZM,2026-04-29,27-Maharashtra,18,490080.00,44107.20,44107.20,0.00,88214.40,578294.40,2026-05-20,2026-05-21,2026-06-10
PR-0256,INV-2604-00256,V021,Wavelength Solutions LLP,27YIYXG2138V1Z2,2026-04-09,27-Maharashtra,5,80322.00,2008.05,2008.05,0.00,4016.10,84338.10,2026-05-20,2026-05-19,2026-06-10
PR-0257,INV-2604-00257,V031,Bharat Textiles Limited,27GFTDT0664D1ZM,2026-04-10,27-Maharashtra,12,17547.00,1052.82,1052.82,0.00,2105.64,19652.64,2026-05-20,,2026-06-10
PR-0258,INV-2604-00258,V020,Narmada Technologies LLP,08PAPRB6119M1ZV,2026-04-26,27-Maharashtra,18,63918.00,0.00,0.00,11505.24,11505.24,75423.24,2026-05-19,,2026-06-10
PR-0259,INV-2604-00259,V032,Trident Packaging and Company,27AVGFB0339Q1ZZ,2026-04-18,27-Maharashtra,28,496223.00,69471.22,69471.22,0.00,138942.44,635165.44,2026-05-20,,2026-06-10
PR-0260,INV-2604-00260,V007,Zenith Industries India Private Limited,27NFAOH7689K1ZL,2026-04-05,27-Maharashtra,18,353080.00,31777.20,31777.20,0.00,63554.40,416634.40,2026-05-18,,2026-06-10
PR-0261,INV-2604-00261,V010,Deccan Solutions India Private Limited,24MMKOP2707A1Z7,2026-04-04,27-Maharashtra,18,149263.00,0.00,0.00,26867.34,26867.34,176130.34,2026-05-19,,2026-06-10
PR-0262,INV-2604-00262,V033,Everest Agro LLP,03KJOEN7911O1Z1,2026-04-26,27-Maharashtra,18,83134.00,0.00,0.00,14964.12,14964.12,98098.12,2026-05-18,,2026-06-10
PR-0263,INV-2604-00263,V009,Bharat Steel and Company,06ZUWQL5692X1Z7,2026-04-30,27-Maharashtra,5,363003.00,0.00,0.00,18150.15,18150.15,381153.15,2026-05-20,,2026-06-10
PR-0264,INV-2604-00264,V022,Himalaya Polymers LLP,27CBGHX9945C1ZJ,2026-04-15,27-Maharashtra,28,355165.00,49723.10,49723.10,0.00,99446.20,454611.20,2026-05-20,2026-06-03,2026-06-10
PR-0265,INV-2604-00265,V034,Dynamo Textiles Private Limited,32MWNUU2669X1ZI,2026-04-01,27-Maharashtra,28,464723.00,0.00,0.00,130122.44,130122.44,594845.44,2026-05-18,,2026-06-10
PR-0266,INV-2604-00266,V002,Himalaya Solutions India Private Limited,27NOMNQ8836X1Z2,2026-04-04,27-Maharashtra,18,450948.00,40585.32,40585.32,0.00,81170.64,532118.64,2026-05-18,2026-05-16,2026-06-10
PR-0267,INV-2604-00267,V038,Wavelength Steel and Company,02CTMNE5571B1Z6,2026-04-21,27-Maharashtra,18,303056.00,0.00,0.00,54550.08,54550.08,357606.08,2026-05-19,,2026-06-10
PR-0268,INV-2604-00268,V026,Wavelength Enterprises LLP,27VGUPQ1274N1ZX,2026-04-25,27-Maharashtra,5,124027.00,3100.67,3100.68,0.00,6201.35,130228.35,2026-05-18,2026-06-04,2026-06-10
PR-0269,INV-2604-00269,V017,Ganga Enterprises India Private Limited,27ITFXL3590N1ZG,2026-04-02,27-Maharashtra,18,256273.00,23064.57,23064.57,0.00,46129.14,302402.14,2026-05-18,,2026-06-10
PR-0270,INV-2604-00270,V007,Zenith Industries India Private Limited,27NFAOH7689K1ZL,2026-04-23,27-Maharashtra,28,370567.00,51879.38,51879.38,0.00,103758.76,474325.76,2026-05-18,,2026-06-10
PR-0271,INV-2604-00271,V003,Bharat Solutions Limited,32EVDGL6232O1ZV,2026-04-19,27-Maharashtra,5,429123.00,0.00,0.00,21456.15,21456.15,450579.15,2026-05-18,,2026-06-10
PR-0272,INV-2604-00272,V024,Falcon Logistics Private Limited,24WIIYL3578T1Z9,2026-04-06,27-Maharashtra,12,454646.00,0.00,0.00,54557.52,54557.52,509203.52,2026-05-18,,2026-06-10
PR-0273,INV-2604-00273,V015,Narmada Agro Limited,09RUTFG7986V1ZZ,2026-04-21,27-Maharashtra,28,15238.00,0.00,0.00,4266.64,4266.64,19504.64,2026-05-18,,2026-06-10
PR-0274,INV-2604-00274,V022,Himalaya Polymers LLP,27CBGHX9945C1ZJ,2026-04-26,27-Maharashtra,5,264152.00,6603.80,6603.80,0.00,13207.60,277359.60,2026-05-18,,2026-06-10
PR-0275,INV-2604-00275,V002,Himalaya Solutions India Private Limited,27NOMNQ8836X1Z2,2026-04-12,27-Maharashtra,18,308069.00,27726.21,27726.21,0.00,55452.42,363521.42,2026-05-19,,2026-06-10
PR-0276,INV-2604-00276,V040,Crestline Traders and Company,10RCYAZ9838E1Z7,2026-04-08,27-Maharashtra,12,60618.00,0.00,0.00,7274.16,7274.16,67892.16,2026-05-18,,2026-06-10
PR-0277,INV-2604-00277,V039,Yamuna Traders Limited,02LJWUK8178Q1ZJ,2026-04-25,27-Maharashtra,12,206314.00,0.00,0.00,24757.68,24757.68,231071.68,2026-05-20,,2026-06-10
PR-0278,INV-2604-00278,V033,Everest Agro LLP,03KJOEN7911O1Z1,2026-04-11,27-Maharashtra,12,375863.00,0.00,0.00,45103.56,45103.56,420966.56,2026-05-18,2026-05-30,2026-06-10
PR-0279,INV-2604-00279,V013,Jyoti Agro LLP,10CLWJW0153B1ZL,2026-04-30,27-Maharashtra,12,493736.00,0.00,0.00,59248.32,59248.32,552984.32,2026-05-19,2026-05-22,2026-06-10
PR-0280,INV-2604-00280,V028,Himalaya Logistics Limited,21SKPXR4660P1ZJ,2026-04-03,27-Maharashtra,18,319478.00,0.00,0.00,57506.04,57506.04,376984.04,2026-05-18,,2026-06-10
PR-0281,INV-2604-00281,V038,Wavelength Steel and Company,02CTMNE5571B1Z6,2026-04-13,27-Maharashtra,12,359772.00,0.00,0.00,43172.64,43172.64,402944.64,2026-05-19,2026-06-05,2026-06-10
PR-0282,INV-2604-00282,V023,Quantum Chemicals LLP,32ZQZIP1711S1ZR,2026-04-29,27-Maharashtra,12,366216.00,0.00,0.00,43945.92,43945.92,410161.92,2026-05-18,2026-05-18,2026-06-10
PR-0283,INV-2604-00283,V018,Konark Traders and Company,08STSKE2455Y1ZA,2026-04-01,27-Maharashtra,5,477619.00,0.00,0.00,23880.95,23880.95,501499.95,2026-05-18,,2026-06-10
PR-0284,INV-2604-00284,V004,Wavelength Chemicals Limited,22JLIUB3888G1ZO,2026-04-07,27-Maharashtra,28,387849.00,0.00,0.00,108597.72,108597.72,496446.72,2026-05-18,,2026-06-10
PR-0285,INV-2604-00285,V037,Falcon Chemicals Private Limited,27DDBTQ1492W1ZA,2026-04-12,27-Maharashtra,5,183557.00,4588.92,4588.93,0.00,9177.85,192734.85,2026-05-19,,2026-06-10
PR-0286,INV-2604-00286,V035,Orbit Chemicals India Private Limited,06WWDLC2591N1Z0,2026-04-13,27-Maharashtra,18,365344.00,0.00,0.00,65761.92,65761.92,431105.92,2026-05-18,,2026-06-10
PR-0287,INV-2604-00287,V030,Arcadia Packaging India Private Limited,03RFLNG9701F1ZD,2026-04-09,27-Maharashtra,5,489095.00,0.00,0.00,24454.75,24454.75,513549.75,2026-05-18,2026-05-29,2026-06-10
PR-0288,INV-2604-00288,V002,Himalaya Solutions India Private Limited,27NOMNQ8836X1Z2,2026-04-30,27-Maharashtra,12,313122.00,18787.32,18787.32,0.00,37574.64,350696.64,2026-05-19,,2026-06-10
PR-0289,INV-2604-00289,V006,Bharat Enterprises India Private Limited,27MGAGX0940T1ZV,2026-04-23,27-Maharashtra,12,482390.00,28943.40,28943.40,0.00,57886.80,540276.80,2026-05-20,,2026-06-10
PR-0290,INV-2604-00290,V034,Dynamo Textiles Private Limited,32MWNUU2669X1ZI,2026-04-27,27-Maharashtra,28,263900.00,0.00,0.00,73892.00,73892.00,337792.00,2026-05-18,,2026-06-10
PR-0291,INV-2604-00291,V018,Konark Traders and Company,08STSKE2455Y1ZA,2026-04-20,27-Maharashtra,12,290164.00,0.00,0.00,34819.68,34819.68,324983.68,2026-05-18,2026-05-30,2026-06-10
PR-0292,INV-2604-00292,V026,Wavelength Enterprises LLP,27VGUPQ1274N1ZX,2026-04-03,27-Maharashtra,18,29058.00,2615.22,2615.22,0.00,5230.44,34288.44,2026-05-19,,2026-06-10
PR-0293,INV-2604-00293,V015,Narmada Agro Limited,09RUTFG7986V1ZZ,2026-04-22,27-Maharashtra,12,413768.00,0.00,0.00,49652.16,49652.16,463420.16,2026-05-20,2026-05-22,2026-06-10
PR-0294,INV-2604-00294,V030,Arcadia Packaging India Private Limited,03RFLNG9701F1ZD,2026-04-04,27-Maharashtra,18,189536.00,0.00,0.00,34116.48,34116.48,223652.48,2026-05-19,2026-05-17,2026-06-10
PR-0295,INV-2604-00295,V014,Elmwood Fabricators LLP,01KPAMG7469R1ZE,2026-04-25,27-Maharashtra,18,140781.00,0.00,0.00,25340.58,25340.58,166121.58,2026-05-18,,2026-06-10
PR-0296,INV-2604-00296,V028,Himalaya Logistics Limited,21SKPXR4660P1ZJ,2026-04-20,27-Maharashtra,28,254365.00,0.00,0.00,71222.20,71222.20,325587.20,2026-05-19,,2026-06-10
PR-0297,INV-2604-00297,V015,Narmada Agro Limited,09RUTFG7986V1ZZ,2026-04-16,27-Maharashtra,5,226910.00,0.00,0.00,11345.50,11345.50,238255.50,2026-05-19,,2026-06-10
PR-0298,INV-2604-00298,V015,Narmada Agro Limited,09RUTFG7986V1ZZ,2026-04-25,27-Maharashtra,5,42055.00,0.00,0.00,2102.75,2102.75,44157.75,2026-05-19,,2026-06-10
PR-0299,INV-2604-00299,V016,Meridian Logistics India Private Limited,27NNHOE5359S1ZX,2026-04-22,27-Maharashtra,28,445679.00,62395.06,62395.06,0.00,124790.12,570469.12,2026-05-18,,2026-06-10
PR-0300,INV-2604-00300,V003,Bharat Solutions Limited,32EVDGL6232O1ZV,2026-04-17,27-Maharashtra,5,194908.00,0.00,0.00,9745.40,9745.40,204653.40,2026-05-19,,2026-06-10
PR-0301,INV-2604-00301,V026,Wavelength Enterprises LLP,27VGUPQ1274N1ZX,2026-04-28,27-Maharashtra,18,484720.00,43624.80,43624.80,0.00,87249.60,571969.60,2026-05-19,,2026-06-10
PR-0302,INV-2604-00302,V019,Everest Textiles Limited,32LHGYK3148I1ZP,2026-04-24,27-Maharashtra,18,393024.00,0.00,0.00,70744.32,70744.32,463768.32,2026-05-20,,2026-06-10
PR-0303,INV-2604-00303,V018,Konark Traders and Company,08STSKE2455Y1ZA,2026-04-23,27-Maharashtra,12,53036.00,0.00,0.00,6364.32,6364.32,59400.32,2026-05-19,,2026-06-10
PR-0304,INV-2604-00304,V011,Deccan Enterprises LLP,27ZNNUA5329D1Z8,2026-04-10,27-Maharashtra,12,360854.00,21651.24,21651.24,0.00,43302.48,404156.48,2026-05-18,,2026-06-10
PR-0305,INV-2604-00305,V004,Wavelength Chemicals Limited,22JLIUB3888G1ZO,,27-Maharashtra,18,370025.00,0.00,0.00,66604.50,66604.50,436629.50,2026-05-19,,2026-06-10
PR-0306,INV-2604-00306,V004,Wavelength Chemicals Limited,22JLIUB3888G1ZO,2026-04-26,27-Maharashtra,28,469354.00,0.00,0.00,131419.12,131419.12,600773.12,2026-05-19,,2026-06-10
PR-0307,INV-2604-00307,V020,Narmada Technologies LLP,08PAPRB6119M1ZV,2026-04-14,27-Maharashtra,28,262006.00,0.00,0.00,73361.68,73361.68,335367.68,2026-05-18,,2026-06-10
PR-0308,INV-2604-00308,V039,Yamuna Traders Limited,02LJWUK8178Q1ZJ,2026-04-13,27-Maharashtra,5,349033.00,0.00,0.00,17451.65,17451.65,366484.65,2026-05-18,,2026-06-10
PR-0309,INV-2604-00309,V033,Everest Agro LLP,03KJOEN7911O1Z1,2026-04-04,27-Maharashtra,12,,0.00,0.00,59136.48,59136.48,551940.48,2026-05-19,,2026-06-10
PR-0310,INV-2604-00310,V029,Wavelength Fabricators Private Limited,29NKVKQ5588B1Z9,2026-04-03,27-Maharashtra,5,107726.00,0.00,0.00,5386.30,5386.30,113112.30,2026-05-20,2026-05-22,2026-06-10
PR-0311,INV-2604-00311,V035,Orbit Chemicals India Private Limited,06WWDLC2591N1Z0,2026-04-03,27-Maharashtra,18,136508.00,0.00,0.00,24571.44,24571.44,161079.44,2026-05-20,,2026-06-10
PR-0312,INV-2604-00312,V018,Konark Traders and Company,08STSKE2455Y1ZA,2026-04-27,27-Maharashtra,28,394730.00,0.00,0.00,110524.40,110524.40,505254.40,2026-05-18,,2026-06-10
PR-0313,INV-2604-00313,V031,Bharat Textiles Limited,27GFTDT0664D1ZM,2026-04-15,27-Maharashtra,18,308861.00,27797.49,27797.49,0.00,55594.98,364455.98,2026-05-18,,2026-06-10
PR-0314,INV-2604-00314,V012,Quantum Polymers India Private Limited,27WOIJO2003E1Z3,2026-04-28,27-Maharashtra,28,25166.00,3523.24,3523.24,0.00,7046.48,32212.48,2026-05-19,,2026-06-10
PR-0315,INV-2604-00315,V039,Yamuna Traders Limited,02LJWUK8178Q1ZJ,2026-04-17,27-Maharashtra,5,150328.00,0.00,0.00,7516.40,7516.40,157844.40,2026-05-19,2026-06-06,2026-06-10
PR-0316,INV-2604-00316,V007,Zenith Industries India Private Limited,27NFAOH7689K1ZL,2026-04-25,27-Maharashtra,12,421273.00,25276.38,25276.38,0.00,50552.76,471825.76,2026-05-19,,2026-06-10
PR-0317,INV-2604-00317,V013,Jyoti Agro LLP,10CLWJW0153B1ZL,2026-04-08,27-Maharashtra,12,247839.00,0.00,0.00,29740.68,29740.68,277579.68,2026-05-18,2026-05-29,2026-06-10
PR-0318,INV-2604-00318,V026,Wavelength Enterprises LLP,27VGUPQ1274N1ZX,2026-04-20,27-Maharashtra,5,299010.00,7475.25,7475.25,0.00,14950.50,313960.50,2026-05-18,2026-06-08,2026-06-10
PR-0319,INV-2604-00319,V018,Konark Traders and Company,08STSKE2455Y1ZA,2026-04-12,27-Maharashtra,18,446971.00,0.00,0.00,80454.78,80454.78,527425.78,2026-05-18,2026-06-09,2026-06-10
PR-0320,INV-2604-00320,V012,Quantum Polymers India Private Limited,27WOIJO2003E1Z3,2026-04-21,27-Maharashtra,12,23959.00,1437.54,1437.54,0.00,2875.08,26834.08,2026-05-20,,2026-06-10
PR-0321,INV-2604-00321,V010,Deccan Solutions India Private Limited,24MMKOP2707A1Z7,2026-04-21,27-Maharashtra,5,211000.00,0.00,0.00,10550.00,10550.00,221550.00,2026-05-19,2026-06-03,2026-06-10
PR-0322,INV-2604-00322,V001,Elmwood Industries LLP,27HPBHZ2966J1ZI,2026-04-09,27-Maharashtra,18,175454.00,15790.86,15790.86,0.00,31581.72,207035.72,2026-05-20,,2026-06-10
PR-0323,INV-2604-00323,V005,Konark Industries and Company,37AKHBP5432H1ZS,2026-04-26,27-Maharashtra,18,342002.00,0.00,0.00,61560.36,61560.36,403562.36,2026-05-19,,2026-06-10
PR-0324,INV-2604-00324,V014,Elmwood Fabricators LLP,01KPAMG7469R1ZE,2026-04-08,27-Maharashtra,5,14234.00,0.00,0.00,711.70,711.70,14945.70,2026-05-20,,2026-06-10
PR-0325,INV-2604-00325,V018,Konark Traders and Company,08STSKE2455Y1ZA,2026-04-02,27-Maharashtra,18,12095.00,0.00,0.00,2177.10,2177.10,14272.10,2026-05-18,,2026-06-10
PR-0326,INV-2604-00326,V002,Himalaya Solutions India Private Limited,27NOMNQ8836X1Z2,2026-04-21,27-Maharashtra,5,332383.00,8309.57,8309.58,0.00,16619.15,349002.15,2026-05-20,,2026-06-10
PR-0327,INV-2604-00327,V001,Elmwood Industries LLP,27HPBHZ2966J1ZI,2026-04-06,27-Maharashtra,18,315419.00,28387.71,28387.71,0.00,56775.42,372194.42,2026-05-19,2026-06-03,2026-06-10
PR-0328,INV-2604-00328,V001,Elmwood Industries LLP,27HPBHZ2966J1ZI,2026-04-04,27-Maharashtra,12,339225.00,20353.50,20353.50,0.00,40707.00,379932.00,2026-05-18,,2026-06-10
PR-0329,INV-2604-00329,V036,Meridian Fabricators and Company,27GFSXR6677W1Z0,2026-04-25,27-Maharashtra,28,13118.00,1836.52,1836.52,0.00,3673.04,16791.04,2026-05-20,,2026-06-10
PR-0330,INV-2604-00330,V027,Konark Fabricators and Company,27BBEVF0062J1ZM,2026-04-16,27-Maharashtra,12,362977.00,21778.62,21778.62,0.00,43557.24,406534.24,2026-05-20,2026-06-03,2026-06-10
PR-0331,INV-2604-00331,V017,Ganga Enterprises India Private Limited,27ITFXL3590N1ZG,2026-04-18,27-Maharashtra,5,92799.00,2319.97,2319.98,0.00,4639.95,97438.95,2026-05-19,,2026-06-10
PR-0332,INV-2604-00332,V033,Everest Agro LLP,03KJOEN7911O1Z1,2026-04-17,27-Maharashtra,5,114781.00,0.00,0.00,5739.05,5739.05,120520.05,2026-05-20,,2026-06-10
PR-0333,INV-2604-00333,V006,Bharat Enterprises India Private Limited,27MGAGX0940T1ZV,2026-04-28,27-Maharashtra,18,124457.00,11201.13,11201.13,0.00,22402.26,146859.26,2026-05-18,,2026-06-10
PR-0334,INV-2604-00334,V017,Ganga Enterprises India Private Limited,27ITFXL3590N1ZG,2026-04-13,27-Maharashtra,18,63662.00,5729.58,5729.58,0.00,11459.16,75121.16,2026-05-20,2026-05-20,2026-06-10
PR-0335,INV-2604-00335,V023,Quantum Chemicals LLP,32ZQZIP1711S1ZR,2026-04-09,27-Maharashtra,12,108017.00,0.00,0.00,12962.04,12962.04,120979.04,2026-05-18,,2026-06-10
PR-0336,INV-2604-00336,V037,Falcon Chemicals Private Limited,27DDBTQ1492W1ZA,2026-04-28,27-Maharashtra,28,352052.00,49287.28,49287.28,0.00,98574.56,450626.56,2026-05-19,,2026-06-10
PR-0337,INV-2604-00337,V027,Konark Fabricators and Company,27BBEVF0062J1ZM,2026-04-02,27-Maharashtra,5,453606.00,11340.15,11340.15,0.00,22680.30,476286.30,2026-05-18,,2026-06-10
PR-0338,INV-2604-00338,V034,Dynamo Textiles Private Limited,32MWNUU2669X1ZI,2026-04-12,27-Maharashtra,18,311264.00,0.00,0.00,56027.52,56027.52,367291.52,2026-05-19,,2026-06-10
PR-0339,INV-2604-00339,V021,Wavelength Solutions LLP,27YIYXG2138V1Z2,2026-04-19,27-Maharashtra,28,391383.00,54793.62,54793.62,0.00,109587.24,500970.24,2026-05-18,,2026-06-10
PR-0340,INV-2604-00340,V035,Orbit Chemicals India Private Limited,06WWDLC2591N1Z0,2026-04-17,27-Maharashtra,12,481406.00,0.00,0.00,57768.72,57768.72,539174.72,2026-05-19,,2026-06-10
PR-0341,INV-2604-00341,V025,Crestline Textiles India Private Limited,23EANLL0258A1ZB,2026-04-28,27-Maharashtra,18,77166.00,0.00,0.00,13889.88,13889.88,91055.88,2026-05-18,,2026-06-10
PR-0342,INV-2604-00342,V032,Trident Packaging and Company,27AVGFB0339Q1ZZ,2026-04-22,27-Maharashtra,18,269743.00,24276.87,24276.87,0.00,48553.74,318296.74,2026-05-19,,2026-06-10
PR-0343,INV-2604-00343,V030,Arcadia Packaging India Private Limited,03RFLNG9701F1ZD,2026-04-22,27-Maharashtra,12,30518.00,0.00,0.00,3662.16,3662.16,34180.16,2026-05-20,,2026-06-10
PR-0344,INV-2604-00344,V016,Meridian Logistics India Private Limited,27NNHOE5359S1ZX,2026-04-10,27-Maharashtra,18,261900.00,23571.00,23571.00,0.00,47142.00,309042.00,2026-05-19,,2026-06-10
PR-0345,INV-2604-00345,V018,Konark Traders and Company,08STSKE2455Y1ZA,2026-04-11,27-Maharashtra,12,332574.00,0.00,0.00,39908.88,39908.88,372482.88,2026-05-19,,2026-06-10
PR-0346,INV-2604-00346,V001,Elmwood Industries LLP,27HPBHZ2966J1ZI,2026-04-11,27-Maharashtra,28,56489.00,7908.46,7908.46,0.00,15816.92,72305.92,2026-05-18,,2026-06-10
PR-0347,INV-2604-00347,V017,Ganga Enterprises India Private Limited,27ITFXL3590N1ZG,2026-04-22,27-Maharashtra,5,396839.00,9920.97,9920.98,0.00,19841.95,416680.95,2026-05-19,2026-06-08,2026-06-10
PR-0348,INV-2604-00348,V028,Himalaya Logistics Limited,21SKPXR4660P1ZJ,2026-04-06,27-Maharashtra,5,302601.00,0.00,0.00,15130.05,15130.05,317731.05,2026-05-18,,2026-06-10
PR-0349,INV-2604-00349,V040,Crestline Traders and Company,10RCYAZ9838E1Z7,2026-04-03,27-Maharashtra,5,392368.00,0.00,0.00,19618.40,19618.40,411986.40,2026-05-18,2026-06-09,2026-06-10
PR-0350,INV-2604-00350,V032,Trident Packaging and Company,27AVGFB0339Q1ZZ,2026-04-13,27-Maharashtra,18,24675.00,2220.75,2220.75,0.00,4441.50,29116.50,2026-05-19,,2026-06-10
PR-0351,INV-2604-00351,V006,Bharat Enterprises India Private Limited,27MGAGX0940T1ZV,2026-04-06,27-Maharashtra,18,360700.00,32463.00,32463.00,0.00,64926.00,425626.00,2026-05-19,,2026-06-10
PR-0352,INV-2604-00352,V007,Zenith Industries India Private Limited,27NFAOH7689K1ZL,2026-04-07,27-Maharashtra,12,122647.00,7358.82,7358.82,0.00,14717.64,137364.64,2026-05-18,,2026-06-10
PR-0353,INV-2604-00353,V002,Himalaya Solutions India Private Limited,27NOMNQ8836X1Z2,2026-04-16,27-Maharashtra,5,73137.00,1828.42,1828.43,0.00,3656.85,76793.85,2026-05-18,,2026-06-10
PR-0354,INV-2604-00354,V023,Quantum Chemicals LLP,32ZQZIP1711S1ZR,2026-04-24,27-Maharashtra,18,275921.00,0.00,0.00,49665.78,49665.78,325586.78,2026-05-20,,2026-06-10
PR-0355,INV-2604-00355,V014,Elmwood Fabricators LLP,01KPAMG7469R1ZE,2026-04-19,27-Maharashtra,28,270455.00,0.00,0.00,75727.40,75727.40,346182.40,2026-05-20,,2026-06-10
PR-0356,INV-2604-00356,V039,Yamuna Traders Limited,02LJWUK8178Q1Z0,2026-04-09,27-Maharashtra,12,339867.00,0.00,0.00,40784.04,40784.04,380651.04,2026-05-19,,2026-06-10
PR-0357,INV-2604-00357,V037,Falcon Chemicals Private Limited,27DDBTQ1492W1ZA,2026-04-10,27-Maharashtra,5,399157.00,9978.92,9978.93,0.00,19957.85,419114.85,2026-05-19,2026-06-06,2026-06-10
PR-0358,INV-2604-00358,V017,Ganga Enterprises India Private Limited,27ITFXL3590N1ZG,2026-04-13,27-Maharashtra,18,147144.00,13242.96,13242.96,0.00,26485.92,173629.92,2026-05-19,2026-06-09,2026-06-10
PR-0359,INV-2604-00359,V026,Wavelength Enterprises LLP,27VGUPQ1274N1ZX,2026-04-08,27-Maharashtra,18,210311.00,18927.99,18927.99,0.00,37855.98,248166.98,2026-05-20,,2026-06-10
PR-0360,INV-2604-00360,V018,Konark Traders and Company,08STSKE2455Y1ZA,2026-04-10,27-Maharashtra,5,81738.00,0.00,0.00,4086.90,4086.90,85824.90,2026-05-18,2026-06-03,2026-06-10
PR-0361,INV-2604-00361,V028,Himalaya Logistics Limited,21SKPXR4660P1ZJ,2026-04-23,27-Maharashtra,18,68230.00,0.00,0.00,12281.40,12281.40,80511.40,2026-05-20,,2026-06-10
PR-0362,INV-2604-00362,V016,Meridian Logistics India Private Limited,27NNHOE5359S1ZX,2026-04-13,27-Maharashtra,5,206097.00,5152.42,5152.43,0.00,10304.85,216401.85,2026-05-20,,2026-06-10
PR-0363,INV-2604-00363,V001,Elmwood Industries LLP,27HPBHZ2966J1ZI,2026-04-07,27-Maharashtra,18,176531.00,15887.79,15887.79,0.00,31775.58,208306.58,2026-05-19,,2026-06-10
PR-0364,INV-2604-00364,V023,Quantum Chemicals LLP,32ZQZIP1711S1ZR,2026-04-08,27-Maharashtra,18,91331.00,0.00,0.00,16439.58,16439.58,107770.58,2026-05-18,,2026-06-10
PR-0365,INV-2604-00365,V015,Narmada Agro Limited,09RUTFG7986V1ZZ,2026-04-10,27-Maharashtra,12,56747.00,0.00,0.00,6809.64,6809.64,63556.64,2026-05-18,,2026-06-10
PR-0366,INV-2604-00366,V013,Jyoti Agro LLP,10CLWJW0153B1ZL,2026-04-29,27-Maharashtra,12,54668.00,0.00,0.00,6560.16,6560.16,61228.16,2026-05-18,,2026-06-10
PR-0367,INV-2604-00367,V019,Everest Textiles Limited,32LHGYK3148I1ZP,2026-04-25,27-Maharashtra,18,448932.00,0.00,0.00,80807.76,80807.76,529739.76,2026-05-18,,2026-06-10
PR-0368,INV-2604-00368,V006,Bharat Enterprises India Private Limited,27MGAGX0940T1ZV,2026-04-19,27-Maharashtra,28,101523.00,14213.22,14213.22,0.00,28426.44,129949.44,2026-05-18,,2026-06-10
PR-0369,INV-2604-00369,V017,Ganga Enterprises India Private Limited,27ITFXL3590N1ZG,2026-04-15,27-Maharashtra,28,175983.00,24637.62,24637.62,0.00,49275.24,225258.24,2026-05-18,,2026-06-10
PR-0370,INV-2604-00370,V022,Himalaya Polymers LLP,27CBGHX9945C1ZJ,2026-04-01,27-Maharashtra,5,25552.00,638.80,638.80,0.00,1277.60,26829.60,2026-05-18,2026-06-03,2026-06-10
PR-0371,INV-2604-00371,V017,Ganga Enterprises India Private Limited,27ITFXL3590N1ZG,2026-04-27,27-Maharashtra,18,362746.00,32647.14,32647.14,0.00,65294.28,428040.28,2026-05-20,,2026-06-10
PR-0372,INV-2604-00372,V023,Quantum Chemicals LLP,32ZQZIP1711S1ZR,2026-04-29,27-Maharashtra,5,332487.00,0.00,0.00,16624.35,16624.35,349111.35,2026-05-20,,2026-06-10
PR-0373,INV-2604-00373,V035,Orbit Chemicals India Private Limited,06WWDLC2591N1Z0,2026-04-04,27-Maharashtra,28,497395.00,0.00,0.00,139270.60,139270.60,636665.60,2026-05-18,2026-06-07,2026-06-10
PR-0374,INV-2604-00374,V003,Bharat Solutions Limited,32EVDGL6232O1ZV,2026-04-03,27-Maharashtra,12,157312.00,0.00,0.00,18877.44,18877.44,176189.44,2026-05-19,,2026-06-10
PR-0375,INV-2604-00375,V035,Orbit Chemicals India Private Limited,06WWDLC2591N1Z0,2026-04-21,27-Maharashtra,5,218462.00,0.00,0.00,10923.10,10923.10,229385.10,2026-05-19,,2026-06-10
PR-0376,INV-2604-00376,V017,Ganga Enterprises India Private Limited,27ITFXL3590N1ZG,2026-04-06,27-Maharashtra,18,117461.00,10571.49,10571.49,0.00,21142.98,138603.98,2026-05-19,2026-05-20,2026-06-10
PR-0377,INV-2604-00377,V015,Narmada Agro Limited,09RUTFG7986V1ZZ,2026-04-02,27-Maharashtra,12,344129.00,0.00,0.00,41295.48,41295.48,385424.48,2026-05-20,,2026-06-10
PR-0378,INV-2604-00378,V032,Trident Packaging and Company,27AVGFB0339Q1ZZ,2026-04-30,27-Maharashtra,5,345456.00,8636.40,8636.40,0.00,17272.80,362728.80,2026-05-19,2026-06-03,2026-06-10
PR-0379,INV-2604-00379,V036,Meridian Fabricators and Company,27GFSXR6677W1Z0,2026-04-09,27-Maharashtra,28,463193.00,64847.02,64847.02,0.00,129694.04,592887.04,2026-05-18,2026-06-05,2026-06-10
PR-0380,INV-2604-00380,V025,Crestline Textiles India Private Limited,23EANLL0258A1ZB,2026-04-07,27-Maharashtra,18,427072.00,0.00,0.00,76872.96,76872.96,503944.96,2026-05-19,,2026-06-10
PR-0381,INV-2604-00381,V012,Quantum Polymers India Private Limited,27WOIJO2003E1Z3,2026-04-29,27-Maharashtra,12,386230.00,23173.80,23173.80,0.00,46347.60,432577.60,2026-05-18,2026-05-27,2026-06-10
PR-0382,INV-2604-00382,V003,Bharat Solutions Limited,,2026-04-13,27-Maharashtra,28,138481.00,0.00,0.00,38774.68,38774.68,177255.68,2026-05-18,,2026-06-10
PR-0383,INV-2604-00383,V005,Konark Industries and Company,37AKHBP5432H1ZS,2026-04-25,27-Maharashtra,12,56147.00,0.00,0.00,6737.64,6737.64,62884.64,2026-05-19,,2026-06-10
PR-0384,INV-2604-00384,V038,Wavelength Steel and Company,02CTMNE5571B1Z6,2026-04-15,27-Maharashtra,18,65896.00,0.00,0.00,11861.28,11861.28,77757.28,2026-05-20,,2026-06-10
PR-0385,INV-2604-00385,V009,Bharat Steel and Company,06ZUWQL5692X1Z7,2026-04-24,27-Maharashtra,12,289907.00,0.00,0.00,34788.84,34788.84,324695.84,2026-05-18,2026-05-31,2026-06-10
PR-0386,INV-2604-00386,V040,Crestline Traders and Company,10123459838E1Z7,2026-04-22,27-Maharashtra,5,440625.00,0.00,0.00,22031.25,22031.25,462656.25,2026-05-20,,2026-06-10
PR-0387,INV-2604-00387,V015,Narmada Agro Limited,09RUTFG7986V1ZZ,2026-04-24,27-Maharashtra,12,155534.00,0.00,0.00,18664.08,18664.08,174198.08,2026-05-19,,2026-06-10
PR-0388,INV-2604-00388,V040,Crestline Traders and Company,10RCYAZ9838E1Z7,2026-04-27,27-Maharashtra,18,350216.00,0.00,0.00,63038.88,63038.88,413254.88,2026-05-18,,2026-06-10
PR-0389,INV-2604-00389,V007,Zenith Industries India Private Limited,27NFAOH7689K1ZL,2026-04-16,27-Maharashtra,5,480978.00,12024.45,12024.45,0.00,24048.90,505026.90,2026-05-19,,2026-06-10
PR-0390,INV-2604-00390,V030,Arcadia Packaging India Private Limited,03RFLNG9701F1ZD,2026-04-18,27-Maharashtra,28,498269.00,0.00,0.00,139515.32,139515.32,637784.32,2026-05-20,2026-06-09,2026-06-10
PR-0391,INV-2604-00391,V011,Deccan Enterprises LLP,27ZNNUA5329D1Z8,2026-04-02,27-Maharashtra,28,20511.00,2871.54,2871.54,0.00,5743.08,26254.08,2026-05-20,2026-05-23,2026-06-10
PR-0392,INV-2604-00392,V030,Arcadia Packaging India Private Limited,03RFLNG9701F1ZD,2026-04-11,27-Maharashtra,18,430982.00,0.00,0.00,77576.76,77576.76,508558.76,2026-05-19,,2026-06-10
PR-0393,INV-2604-00393,V039,Yamuna Traders Limited,02LJWUK8178Q1ZJ,2026-04-19,27-Maharashtra,5,413598.00,0.00,0.00,20679.90,20679.90,434277.90,2026-05-20,,2026-06-10
PR-0394,INV-2604-00394,V033,Everest Agro LLP,03KJOEN7911O1Z1,2026-04-04,27-Maharashtra,28,275974.00,0.00,0.00,77272.72,77272.72,353246.72,2026-05-18,2026-06-06,2026-06-10
PR-0395,INV-2604-00395,V026,Wavelength Enterprises LLP,27VGUPQ1274N1ZX,2026-04-25,27-Maharashtra,12,123282.00,7396.92,7396.92,0.00,14793.84,138075.84,2026-05-19,2026-06-09,2026-06-10
PR-0396,INV-2604-00396,V037,Falcon Chemicals Private Limited,27DDBTQ1492W1ZA,2026-04-17,27-Maharashtra,12,252252.00,15135.12,15135.12,0.00,30270.24,282522.24,2026-05-20,,2026-06-10
PR-0397,INV-2604-00397,V013,Jyoti Agro LLP,10CLWJW0153B1ZL,2026-04-06,27-Maharashtra,18,242229.00,0.00,0.00,43601.22,43601.22,285830.22,2026-05-19,2026-05-30,2026-06-10
PR-0398,INV-2604-00398,V033,Everest Agro LLP,03KJOEN7911O1Z1,2026-04-30,27-Maharashtra,28,355130.00,0.00,0.00,99436.40,99436.40,454566.40,2026-05-20,,2026-06-10
PR-0399,INV-2604-00399,V006,Bharat Enterprises India Private Limited,27MGAGX0940T1ZV,2026-04-13,27-Maharashtra,28,369368.00,51711.52,51711.52,0.00,103423.04,472791.04,2026-05-18,,2026-06-10
PR-0400,INV-2604-00400,V016,Meridian Logistics India Private Limited,27NNHOE5359S1ZX,2026-04-22,27-Maharashtra,5,391231.00,9780.77,9780.78,0.00,19561.55,410792.55,2026-05-18,,2026-06-10
PR-0401,INV-2604-00401,V039,Yamuna Traders Limited,02LJWUK8178Q1ZJ,2026-04-13,27-Maharashtra,12,313177.00,0.00,0.00,37581.24,37581.24,350758.24,2026-05-18,,2026-06-10
PR-0402,INV-2604-00402,V028,Himalaya Logistics Limited,21SKPXR4660P1ZJ,2026-04-18,27-Maharashtra,28,384241.00,0.00,0.00,107587.48,107587.48,491828.48,2026-05-18,,2026-06-10
PR-0403,INV-2604-00403,V016,Meridian Logistics India Private Limited,27NNHOE5359S1ZX,2026-04-15,27-Maharashtra,18,291117.00,26200.53,26200.53,0.00,52401.06,343518.06,2026-05-20,,2026-06-10
PR-0404,INV-2604-00404,V001,Elmwood Industries LLP,27HPBHZ2966J1ZI,2026-04-23,27-Maharashtra,12,109424.00,6565.44,6565.44,0.00,13130.88,122554.88,2026-05-18,,2026-06-10
PR-0405,INV-2604-00405,V039,Yamuna Traders Limited,02LJWUK8178Q1ZJ,2026-04-29,27-Maharashtra,28,81945.00,0.00,0.00,22944.60,22944.60,104889.60,2026-05-18,,2026-06-10
PR-0406,INV-2604-00406,V003,Bharat Solutions Limited,32EVDGL6232O1ZV,2026-04-05,27-Maharashtra,12,23018.00,0.00,0.00,2762.16,2762.16,25780.16,2026-05-20,,2026-06-10
PR-0407,INV-2604-00407,V034,Dynamo Textiles Private Limited,32MWNUU2669X1ZI,2026-04-15,27-Maharashtra,18,446832.00,0.00,0.00,80429.76,80429.76,527261.76,2026-05-18,,2026-06-10
PR-0408,INV-2604-00408,V021,Wavelength Solutions LLP,27YIYXG2138V1Z2,2026-04-14,27-Maharashtra,28,277746.00,38884.44,38884.44,0.00,77768.88,355514.88,2026-05-18,,2026-06-10
PR-0409,INV-2604-00409,V016,Meridian Logistics India Private Limited,27NNHOE5359S1ZX,2026-04-09,27-Maharashtra,18,37068.00,3336.12,3336.12,0.00,6672.24,43740.24,2026-05-18,2026-05-28,2026-06-10
PR-0410,INV-2604-00410,V016,Meridian Logistics India Private Limited,27NNHOE5359S1ZX,2026-04-13,27-Maharashtra,28,425110.00,59515.40,59515.40,0.00,119030.80,544140.80,2026-05-18,2026-06-08,2026-06-10
PR-0411,INV-2604-00411,V026,Wavelength Enterprises LLP,27VGUPQ1274N1ZX,2026-04-13,27-Maharashtra,28,5903.00,826.42,826.42,0.00,1652.84,7555.84,2026-05-19,,2026-06-10
PR-0412,INV-2604-00412,V006,Bharat Enterprises India Private Limited,27MGAGX0940T1ZV,2026-04-07,27-Maharashtra,5,8126.00,203.15,203.15,0.00,406.30,8532.30,2026-05-19,,2026-06-10
PR-0413,INV-2604-00413,V028,Himalaya Logistics Limited,40SKPXR4660P1ZJ,2026-04-13,27-Maharashtra,5,491848.00,0.00,0.00,24592.40,24592.40,516440.40,2026-05-18,,2026-06-10
PR-0414,INV-2604-00414,V024,Falcon Logistics Private Limited,24WIIYL3578T1Z9,2026-04-29,27-Maharashtra,28,94437.00,0.00,0.00,26442.36,26442.36,120879.36,2026-05-20,,2026-06-10
PR-0415,INV-2604-00415,V016,Meridian Logistics India Private Limited,27NNHOE5359S1ZX,2026-04-10,27-Maharashtra,12,248488.00,14909.28,14909.28,0.00,29818.56,278306.56,2026-05-20,,2026-06-10
PR-0416,INV-2604-00416,V036,Meridian Fabricators and Company,27GFSXR6677W1Z0,2026-04-23,27-Maharashtra,5,316798.00,7919.95,7919.95,0.00,15839.90,332637.90,2026-05-20,,2026-06-10
PR-0417,INV-2604-00417,V008,Arcadia Polymers Limited,33DBDFF6066I1ZB,2026-04-11,27-Maharashtra,5,9366.00,0.00,0.00,468.30,468.30,9834.30,2026-05-18,2026-06-04,2026-06-10
PR-0418,INV-2604-00418,V028,Himalaya Logistics Limited,21SKPXR4660P1ZJ,2026-04-20,27-Maharashtra,18,349435.00,0.00,0.00,62898.30,62898.30,412333.30,2026-05-18,,2026-06-10
PR-0419,INV-2604-00419,V018,Konark Traders and Company,08STSKE2455Y1ZA,2026-04-13,27-Maharashtra,12,368431.00,0.00,0.00,44211.72,44211.72,412642.72,2026-05-18,,2026-06-10
PR-0420,INV-2604-00420,V040,Crestline Traders and Company,10RCYAZ9838E1Z7,2026-04-02,27-Maharashtra,5,326928.00,0.00,0.00,16346.40,16346.40,343274.40,2026-05-18,,2026-06-10
PR-0421,INV-2604-00421,V016,Meridian Logistics India Private Limited,27NNHOE5359S1ZX,2026-04-26,27-Maharashtra,12,8460.00,507.60,507.60,0.00,1015.20,9475.20,2026-05-19,,2026-06-10
PR-0422,INV-2604-00422,V024,Falcon Logistics Private Limited,24WIIYL3578T1Z9,2026-04-12,27-Maharashtra,5,161988.00,0.00,0.00,8099.40,8099.40,170087.40,2026-05-20,,2026-06-10
PR-0423,INV-2604-00423,V024,Falcon Logistics Private Limited,24WIIYL3578T1Z9,2026-04-25,27-Maharashtra,12,258694.00,0.00,0.00,31043.28,31043.28,289737.28,2026-05-20,,2026-06-10
PR-0424,INV-2604-00424,V001,Elmwood Industries LLP,27HPBHZ2966J1ZI,2026-04-07,27-Maharashtra,28,372164.00,52102.96,52102.96,0.00,104205.92,476369.92,2026-05-18,,2026-06-10
PR-0425,INV-2604-00425,V007,Zenith Industries India Private Limited,27NFAOH7689K1ZL,2026-04-15,27-Maharashtra,5,327801.00,8195.02,8195.03,0.00,16390.05,344191.05,2026-05-18,2026-06-05,2026-06-10
PR-0426,INV-2604-00426,V040,Crestline Traders and Company,10RCYAZ9838E1Z7,2026-04-06,27-Maharashtra,18,350977.00,0.00,0.00,63175.86,63175.86,414152.86,2026-05-18,,2026-06-10
PR-0427,INV-2604-00427,V014,Elmwood Fabricators LLP,01KPAMG7469R1ZE,2026-04-06,27-Maharashtra,18,488343.00,0.00,0.00,87901.74,87901.74,576244.74,2026-05-20,,2026-06-10
PR-0428,INV-2604-00428,V028,Himalaya Logistics Limited,21SKPXR4660P1ZJ,2026-04-15,27-Maharashtra,18,200396.00,0.00,0.00,36071.28,36071.28,236467.28,2026-05-18,,2026-06-10
PR-0429,INV-2604-00429,V040,Crestline Traders and Company,10RCYAZ9838E1Z7,2026-04-13,27-Maharashtra,28,50365.00,0.00,0.00,14102.20,14102.20,64467.20,2026-05-18,,2026-06-10
PR-0430,INV-2604-00430,V025,Crestline Textiles India Private Limited,23EANLL0258A1ZB,2026-04-25,27-Maharashtra,28,60465.00,0.00,0.00,16930.20,16930.20,77395.20,2026-05-20,,2026-06-10
PR-0431,INV-2604-00431,V007,Zenith Industries India Private Limited,27NFAOH7689K1ZL,2026-04-06,27-Maharashtra,18,348800.00,31392.00,31392.00,0.00,62784.00,411584.00,2026-05-18,2026-05-31,2026-06-10
PR-0432,INV-2604-00432,V025,Crestline Textiles India Private Limited,23EANLL0258A1ZB,2026-04-24,27-Maharashtra,12,345592.00,0.00,0.00,41471.04,41471.04,387063.04,2026-05-20,,2026-06-10
PR-0433,INV-2604-00433,V031,Bharat Textiles Limited,27GFTDT0664D1ZM,2026-04-24,27-Maharashtra,5,165422.00,4135.55,4135.55,0.00,8271.10,173693.10,2026-05-19,2026-05-16,2026-06-10
PR-0434,INV-2604-00434,V004,Wavelength Chemicals Limited,22JLIUB3888G1ZO,2026-04-16,27-Maharashtra,5,107046.00,0.00,0.00,5352.30,5352.30,112398.30,2026-05-20,,2026-06-10
PR-0435,INV-2604-00435,V013,Jyoti Agro LLP,10CLWJW0153B1ZL,2026-04-24,27-Maharashtra,12,121757.00,0.00,0.00,14610.84,14610.84,136367.84,2026-05-19,,2026-06-10
PR-0436,INV-2604-00436,V039,Yamuna Traders Limited,02LJWUK8178Q1ZJ,2026-04-23,27-Maharashtra,28,284695.00,0.00,0.00,79714.60,79714.60,364409.60,2026-05-19,,2026-06-10
PR-0437,INV-2604-00437,V040,Crestline Traders and Company,10RCYAZ9838E1Z7,2026-04-06,27-Maharashtra,5,252371.00,0.00,0.00,12618.55,12618.55,264989.55,2026-05-18,2026-05-16,2026-06-10
PR-0438,INV-2604-00438,V010,Deccan Solutions India Private Limited,24MMKOP2707A1Z7,2026-04-26,27-Maharashtra,12,386405.00,0.00,0.00,46368.60,46368.60,432773.60,2026-05-18,,2026-06-10
PR-0439,INV-2604-00439,V024,Falcon Logistics Private Limited,24WIIYL3578T1Z9,2026-04-27,27-Maharashtra,12,304907.00,0.00,0.00,36588.84,36588.84,341495.84,2026-05-18,,2026-06-10
PR-0440,INV-2604-00440,V033,Everest Agro LLP,03KJOEN7911O1Z1,2026-04-09,27-Maharashtra,18,145335.00,0.00,0.00,26160.30,26160.30,171495.30,2026-05-20,2026-06-03,2026-06-10
PR-0441,INV-2604-00441,V024,Falcon Logistics Private Limited,24WIIYL3578T1Z9,2026-04-30,27-Maharashtra,18,92765.00,0.00,0.00,16697.70,16697.70,109462.70,2026-05-20,,2026-06-10
PR-0442,INV-2604-00442,V006,Bharat Enterprises India Private Limited,27MGAGX0940T1ZV,2026-04-04,27-Maharashtra,18,156018.00,14041.62,14041.62,0.00,28083.24,184101.24,2026-05-18,2026-05-20,2026-06-10
PR-0443,INV-2604-00443,V021,Wavelength Solutions LLP,27YIYXG2138V1Z2,2026-04-02,27-Maharashtra,28,331563.00,46418.82,46418.82,0.00,92837.64,424400.64,2026-05-20,2026-05-16,2026-06-10
PR-0444,INV-2604-00444,V005,Konark Industries and Company,37AKHBP5432H1ZS,2026-04-12,27-Maharashtra,28,204398.00,0.00,0.00,57231.44,57231.44,261629.44,2026-05-18,,2026-06-10
PR-0445,INV-2604-00445,V002,Himalaya Solutions India Private Limited,27NOMNQ8836X1Z2,2026-04-05,27-Maharashtra,28,381313.00,53383.82,53383.82,0.00,106767.64,488080.64,2026-05-20,2026-05-19,2026-06-10
PR-0446,INV-2604-00446,V025,Crestline Textiles India Private Limited,23EANLL0258A1ZB,2026-04-17,27-Maharashtra,18,26654.00,0.00,0.00,4797.72,4797.72,31451.72,2026-05-19,,2026-06-10
PR-0447,INV-2604-00447,V023,Quantum Chemicals LLP,32ZQZIP1711S1ZR,2026-04-04,27-Maharashtra,5,370730.00,0.00,0.00,18536.50,18536.50,389266.50,2026-05-18,,2026-06-10
PR-0448,INV-2604-00448,V029,Wavelength Fabricators Private Limited,29NKVKQ5588B1Z9,2026-04-24,27-Maharashtra,28,56263.00,0.00,0.00,15753.64,15753.64,72016.64,2026-05-18,2026-06-04,2026-06-10
PR-0449,INV-2604-00449,V039,Yamuna Traders Limited,02LJWUK8178Q1ZJ,2026-04-29,27-Maharashtra,18,21235.00,0.00,0.00,3822.30,3822.30,25057.30,2026-05-18,2026-05-20,2026-06-10
PR-0450,INV-2604-00450,V023,Quantum Chemicals LLP,32ZQZIP1711S1ZR,2026-04-09,27-Maharashtra,5,193775.00,0.00,0.00,9688.75,9688.75,203463.75,2026-05-20,,2026-06-10
PR-0451,INV-2604-00451,V017,Ganga Enterprises India Private Limited,27ITFXL3590N1ZG,2026-04-03,27-Maharashtra,12,272395.00,16343.70,16343.70,0.00,32687.40,305082.40,2026-05-19,,2026-06-10
PR-0452,INV-2604-00452,V035,Orbit Chemicals India Private Limited,06WWDLC2591N1Z0,2026-04-28,27-Maharashtra,5,355112.00,0.00,0.00,17755.60,17755.60,372867.60,2026-05-20,,2026-06-10
PR-0453,INV-2604-00453,V033,Everest Agro LLP,03KJOEN7911O1Z1,2026-04-25,27-Maharashtra,28,387793.00,0.00,0.00,108582.04,108582.04,496375.04,2026-05-18,2026-06-10,2026-06-10
PR-0454,INV-2604-00454,V011,Deccan Enterprises LLP,27ZNNUA5329D1Z8,not-a-date,27-Maharashtra,12,239735.00,14384.10,14384.10,0.00,28768.20,268503.20,2026-05-19,,2026-06-10
PR-0455,INV-2604-00455,V010,Deccan Solutions India Private Limited,24MMKOP2707A1Z7,2026-04-15,27-Maharashtra,18,286340.00,0.00,0.00,51541.20,51541.20,337881.20,2026-05-18,,2026-06-10
PR-0456,INV-2604-00456,V004,Wavelength Chemicals Limited,22JLIUB3888G1ZO,2026-04-25,27-Maharashtra,5,428738.00,0.00,0.00,21436.90,21436.90,450174.90,2026-05-20,,2026-06-10
PR-0457,INV-2604-00457,V027,Konark Fabricators and Company,27BBEVF0062J1ZM,2026-04-20,27-Maharashtra,18,303933.00,27353.97,27353.97,0.00,54707.94,358640.94,2026-05-18,2026-06-05,2026-06-10
PR-0458,INV-2604-00458,V003,Bharat Solutions Limited,32EVDGL6232O1ZV,2026-04-19,27-Maharashtra,18,397258.00,0.00,0.00,71506.44,71506.44,468764.44,2026-05-20,,2026-06-10
PR-0459,INV-2604-00459,V039,Yamuna Traders Limited,02LJWUK8178Q1ZJ,2026-04-21,27-Maharashtra,18,314148.00,0.00,0.00,56546.64,56546.64,370694.64,2026-05-19,,2026-06-10
PR-0460,INV-2604-00460,V001,Elmwood Industries LLP,27HPBHZ2966J1ZI,2026-04-14,27-Maharashtra,5,393966.00,9849.15,9849.15,0.00,19698.30,413664.30,2026-05-18,,2026-06-10
PR-0461,INV-2604-00461,V018,Konark Traders and Company,08STSKE2455Y1ZA,2026-04-01,27-Maharashtra,12,182086.00,0.00,0.00,21850.32,21850.32,203936.32,2026-05-20,,2026-06-10
PR-0462,INV-2604-00462,V001,Elmwood Industries LLP,27HPBHZ2966J1ZI,2026-04-07,27-Maharashtra,5,313129.00,7828.22,7828.23,0.00,15656.45,328785.45,2026-05-19,,2026-06-10
PR-0463,INV-2604-00463,V029,Wavelength Fabricators Private Limited,29NKVKQ5588B1Z9,2026-04-09,27-Maharashtra,18,343205.00,0.00,0.00,61776.90,61776.90,404981.90,2026-05-19,,2026-06-10
PR-0464,INV-2604-00464,V026,Wavelength Enterprises LLP,27VGUPQ1274N1ZX,2026-04-15,27-Maharashtra,5,415753.00,10393.82,10393.83,0.00,20787.65,436540.65,2026-05-19,,2026-06-10
PR-0465,INV-2604-00465,V021,Wavelength Solutions LLP,27YIYXG2138V1Z2,2026-04-11,27-Maharashtra,12,119751.00,7185.06,7185.06,0.00,14370.12,134121.12,2026-05-19,,2026-06-10
PR-0466,INV-2604-00466,V028,Himalaya Logistics Limited,21SKPXR4660P1Z,2026-04-07,27-Maharashtra,5,394890.00,0.00,0.00,19744.50,19744.50,414634.50,2026-05-19,,2026-06-10
PR-0467,INV-2604-00467,V001,Elmwood Industries LLP,27HPBHZ2966J1ZI,2026-04-02,27-Maharashtra,28,216608.00,30325.12,30325.12,0.00,60650.24,277258.24,2026-05-19,2026-06-03,2026-06-10
PR-0468,INV-2604-00468,V036,Meridian Fabricators and Company,27GFSXR6677W1Z0,2026-04-17,27-Maharashtra,12,324471.00,19468.26,19468.26,0.00,38936.52,363407.52,2026-05-18,,2026-06-10
PR-0469,INV-2604-00469,V008,Arcadia Polymers Limited,33DBDFF6066I1ZB,2026-04-30,27-Maharashtra,18,447012.00,0.00,0.00,80462.16,80462.16,527474.16,2026-05-20,,2026-06-10
PR-0470,INV-2604-00470,V039,Yamuna Traders Limited,02LJWUK8178Q1ZJ,2026-04-23,27-Maharashtra,18,296029.00,0.00,0.00,53285.22,53285.22,349314.22,2026-05-20,,2026-06-10
PR-0471,INV-2604-00471,V006,Bharat Enterprises India Private Limited,27MGAGX0940T1ZV,2026-04-13,27-Maharashtra,18,112304.00,10107.36,10107.36,0.00,20214.72,132518.72,2026-05-20,2026-06-03,2026-06-10
PR-0472,INV-2604-00472,V009,Bharat Steel and Company,06ZUWQL5692X1Z7,2026-04-09,27-Maharashtra,18,483765.00,0.00,0.00,87077.70,87077.70,570842.70,2026-05-20,,2026-06-10
PR-0473,INV-2604-00473,V023,Quantum Chemicals LLP,32ZQZIP1711S1ZR,2026-04-04,27-Maharashtra,18,464725.00,0.00,0.00,83650.50,83650.50,548375.50,2026-05-20,,2026-06-10
PR-0474,INV-2604-00474,V002,Himalaya Solutions India Private Limited,27NOMNQ8836X1Z2,2026-04-04,27-Maharashtra,5,304295.00,7607.37,7607.38,0.00,15214.75,319509.75,2026-05-18,,2026-06-10
PR-0475,INV-2604-00475,V014,Elmwood Fabricators LLP,01KPAMG7469R1ZE,2026-04-02,27-Maharashtra,5,381210.00,0.00,0.00,19060.50,19060.50,400270.50,2026-05-19,,2026-06-10
PR-0476,INV-2604-00476,V031,Bharat Textiles Limited,27GFTDT0664D1ZM,2026-04-14,27-Maharashtra,28,321265.00,44977.10,44977.10,0.00,89954.20,411219.20,2026-05-18,,2026-06-10
PR-0477,INV-2604-00477,V038,Wavelength Steel and Company,02CTMNE5571B1Z6,2026-04-29,27-Maharashtra,28,448538.00,0.00,0.00,125590.64,125590.64,574128.64,2026-05-20,2026-06-06,2026-06-10
PR-0478,INV-2604-00478,V008,Arcadia Polymers Limited,33DBDFF6066I1ZB,2026-04-05,27-Maharashtra,12,65650.00,0.00,0.00,7878.00,7878.00,73528.00,2026-05-20,,2026-06-10
PR-0479,INV-2604-00479,V005,Konark Industries and Company,37AKHBP5432H1ZS,2026-04-14,27-Maharashtra,28,309291.00,0.00,0.00,86601.48,86601.48,395892.48,2026-05-19,,2026-06-10
PR-0480,INV-2604-00480,V004,Wavelength Chemicals Limited,22JLIUB3888G1ZO,2026-04-06,27-Maharashtra,12,78739.00,0.00,0.00,9448.68,9448.68,88187.68,2026-05-20,,2026-06-10
PR-0481,INV-2604-00481,V015,Narmada Agro Limited,09RUTFG7986V1ZZ,2026-04-05,27-Maharashtra,5,431793.00,0.00,0.00,21589.65,21589.65,453382.65,2026-05-18,2026-06-01,2026-06-10
PR-0482,INV-2604-00482,V003,Bharat Solutions Limited,32EVDGL6232O1ZV,2026-04-07,27-Maharashtra,5,134182.00,0.00,0.00,6709.10,6709.10,140891.10,2026-05-18,,2026-06-10
PR-0483,INV-2604-00483,V031,Bharat Textiles Limited,27GFTDT0664D1ZM,2026-04-07,27-Maharashtra,5,9312.00,232.80,232.80,0.00,465.60,9777.60,2026-05-19,,2026-06-10
PR-0484,INV-2604-00484,V034,Dynamo Textiles Private Limited,32MWNUU2669X1ZI,2026-04-15,27-Maharashtra,5,55992.00,0.00,0.00,2799.60,2799.60,58791.60,2026-05-18,,2026-06-10
PR-0485,INV-2604-00485,V035,Orbit Chemicals India Private Limited,06WWDLC2591N1Z0,2026-04-04,27-Maharashtra,5,153386.00,0.00,0.00,7669.30,7669.30,161055.30,2026-05-18,,2026-06-10
PR-0486,INV-2604-00486,V016,Meridian Logistics India Private Limited,27NNHOE5359S1ZX,2026-04-13,27-Maharashtra,18,15387.00,1384.83,1384.83,0.00,2769.66,18156.66,2026-05-20,,2026-06-10
PR-0487,INV-2604-00487,V015,Narmada Agro Limited,09RUTFG7986V1ZZ,2026-04-06,27-Maharashtra,18,369918.00,0.00,0.00,66585.24,66585.24,436503.24,2026-05-20,,2026-06-10
PR-0488,INV-2604-00488,V003,Bharat Solutions Limited,32EVDGL6232O1ZV,2026-04-20,27-Maharashtra,12,131247.00,0.00,0.00,15749.64,15749.64,146996.64,2026-05-18,,2026-06-10
PR-0489,INV-2604-00489,V020,Narmada Technologies LLP,08PAPRB6119M1ZV,2026-04-24,27-Maharashtra,12,318103.00,0.00,0.00,38172.36,38172.36,356275.36,2026-05-18,,2026-06-10
PR-0490,INV-2604-00490,V010,Deccan Solutions India Private Limited,24MMKOP2707A1Z7,2026-04-29,27-Maharashtra,18,423228.00,0.00,0.00,76181.04,76181.04,499409.04,2026-05-18,2026-05-29,2026-06-10
PR-0491,INV-2604-00491,V002,Himalaya Solutions India Private Limited,27NOMNQ8836X1Z2,2026-04-21,27-Maharashtra,28,-150299.00,21041.86,21041.86,0.00,42083.72,192382.72,2026-05-20,,2026-06-10
PR-0492,INV-2604-00492,V033,Everest Agro LLP,03KJOEN7911O1Z1,2026-04-25,27-Maharashtra,28,409382.00,0.00,0.00,114626.96,114626.96,524008.96,2026-05-20,,2026-06-10
PR-0493,INV-2604-00493,V027,Konark Fabricators and Company,27BBEVF0062J1ZM,2026-04-04,27-Maharashtra,5,295244.00,7381.10,7381.10,0.00,14762.20,310006.20,2026-05-20,,2026-06-10
PR-0494,INV-2604-00494,V035,Orbit Chemicals India Private Limited,06WWDLC2591N1Z0,2026-04-28,27-Maharashtra,28,472942.00,0.00,0.00,132423.76,132423.76,605365.76,2026-05-18,,2026-06-10
PR-0495,INV-2604-00495,V022,Himalaya Polymers LLP,27CBGHX9945C1ZJ,2026-04-06,27-Maharashtra,12,375759.00,22545.54,22545.54,0.00,45091.08,420850.08,2026-05-19,,2026-06-10
PR-0496,INV-2604-00496,V008,Arcadia Polymers Limited,33DBDFF6066I1ZB,2026-04-29,27-Maharashtra,5,438453.00,0.00,0.00,21922.65,21922.65,460375.65,2026-05-19,,2026-06-10
PR-0497,INV-2604-00497,V007,Zenith Industries India Private Limited,27NFAOH7689K1ZL,2026-04-28,27-Maharashtra,12,455252.00,27315.12,27315.12,0.00,54630.24,509882.24,2026-05-18,2026-05-16,2026-06-10
PR-0498,INV-2604-00498,V022,Himalaya Polymers LLP,27CBGHX9945C1ZJ,2026-04-22,27-Maharashtra,5,262274.00,6556.85,6556.85,0.00,13113.70,275387.70,2026-05-20,,2026-06-10
PR-0499,INV-2604-00499,V027,Konark Fabricators and Company,27BBEVF0062J1ZM,2026-04-11,27-Maharashtra,5,262985.00,6574.62,6574.63,0.00,13149.25,276134.25,2026-05-20,,2026-06-10
PR-0500,INV-2604-00500,V030,Arcadia Packaging India Private Limited,03RFLNG9701F1ZD,2026-04-12,27-Maharashtra,5,117005.00,0.00,0.00,5850.25,5850.25,122855.25,2026-05-19,,2026-06-10
